Ala,Albiano,Aldeno,Amblar,Andalo
2933.118305947386,491.38306491413,613.9153041912894,1038.9212678346375,2500.5233486720645
3066.554622060059,535.1275108224299,588.3213750230406,1112.8333972873697,2547.848431235678
3154.8938975970104,532.4878683882903,549.6085881593677,1110.5273309941072,2495.528786249632
2942.9327619311935,447.7349444085817,552.1126650612966,1070.2645352583656,2339.164376440097
3023.869606275339,468.0228953350973,549.7061348167931,1064.3713148664012,1988.671330649408
2943.290568418671,462.590896233062,534.8043083892024,972.8174048455252,2119.972012501796
2795.7913142802627,453.50455496336974,557.9541493952592,871.3525280300856,1880.3512282179154
2848.8508582218947,443.367001460195,520.5852975402215,880.3917077129273,1673.3791274735731
2725.6454817182266,444.7108117394605,496.7870139064983,786.4523854924117,1707.4504095392035
2607.19392870888,404.55615287673146,479.6970831961166,786.1760502153895,1530.899475575075
2513.9418778968675,370.94248247020516,461.4134494455149,781.0995646626164,1560.4807128918137
2657.343679773706,372.9887098130645,435.4115487068765,753.0523222273198,1551.085623516049
2328.038680411908,366.30349293378515,498.9057405990175,770.4339313937661,1405.4228490959576
2359.3150078342915,381.6043767922197,461.9300519094837,730.4383728484931,1435.9927102133774
2410.0930230215863,361.3750954033577,390.0328614196105,735.7632319087161,1333.9723337570472
2284.1416911879965,362.89093001409265,422.8623539908928,705.7820640079722,1276.698991693594
2259.7691438165116,313.10640616967083,411.75088271544615,731.22205256591,1190.9488701550708
2165.7635125392612,334.10229129232357,331.1137084524015,694.635928950611,1228.5678606451838
2091.996419567361,309.59514698488255,407.76440984942207,653.9346142295944,1215.593868569002
2228.8544360807828,304.2055163444483,394.89975187255465,647.8205705539789,1118.6269748580512
2122.999845547997,335.92615403931416,337.97783800218394,646.3431680177183,1121.7430532904816
2053.9705446928815,318.630291690341,437.6921823982931,631.9196460562533,1174.6049797397873
1974.6232320879478,308.5853765743336,403.1979389649426,674.0967016776684,1059.6392456613055
1724.6101486514565,281.0174305914695,346.3720797113916,623.2022155972553,955.229848274116
1671.9759673337721,305.8881817546325,361.6337167863353,568.4818384755549,1018.1586349271741
1811.4648625748273,287.1137130338817,360.4646540769068,585.4211401825961,919.002953147284
1730.3412830069128,315.26381668103164,327.6450679541872,553.2991567944823,949.3567690145172
1677.2279752844415,309.9643120667607,356.3274070985573,543.143769830155,963.8815037283662
1706.603357742549,285.99287688371413,322.2231194310592,519.8524014269897,837.7107539840081
1558.915590468411,304.1607885349305,306.72697432700494,536.9831266070337,917.0041473874743
1697.8915295813297,288.3090435969129,350.6919875549883,532.2493908133961,981.4690283454995
1654.7295609025398,274.0805488043441,313.97162936657486,521.5107909078117,837.4498081500307
1545.9423663689704,295.40750000361254,284.52975435868404,473.8282989738844,866.6881626136743
1540.2152619763187,276.01817622001494,329.84855602517655,487.8846190707584,849.4035784974238
1522.6835283562712,278.29330013028743,310.4966056896114,471.35567693824777,833.5344604465745
1391.6827030748202,280.84957239114124,270.8408786465145,448.2866794196475,843.464101313447
1510.3170898605008,259.7894347464654,358.468373901827,468.8547887770635,856.9019678494258
1594.4736420205772,277.7245295821014,301.648380530568,472.749277681016,825.5850560819869
1466.855792414405,293.47473274207664,289.3139490535375,456.49699702626003,845.3299441532099
1532.6053742471734,273.86682300828056,349.20489174481713,459.3681930323085,866.6175742331461
1594.1402121034594,284.9907242245707,329.78509436848657,471.6058651996577,800.9720709966377
1443.8305062236586,278.7649394441665,274.2861137187295,456.93722628219564,878.9099191291673
1510.3854045875316,266.07951404102806,369.5199116323651,464.75659677223865,898.4969820560701
1526.6385138570138,259.4014690374005,329.64190945046084,471.755058036958,881.1281935553399
1457.7608509761974,267.66249378818844,298.53500998752577,476.20910368590853,888.2910852635467
1521.1307320209062,250.65829056716518,358.6095870186834,490.83875378691005,914.8789982890535
1512.5183397159558,327.0978983880322,377.2089651991579,492.36696564800064,1025.026991082282
1502.487142384544,287.446081628753,350.4634207295231,469.92553198267177,1021.8012713307561
1654.9653141796243,260.2229070434392,397.90054902525605,464.96194270773105,1083.6474810496086
1587.7419505846206,280.24003923002675,387.09732579292057,548.2932522237671,1135.458622842515
1568.4169192785141,298.9463696590941,389.3903494294209,541.5455490843125,1214.883220256798
1678.399091808711,283.8647231288868,431.1680483517892,533.2036298812361,1380.723913881794
1652.6787444072504,338.0602412059272,433.40288983905447,608.7368059906479,1389.0891936980602
1695.088434983504,357.0485837063276,355.3807253790683,609.7182047358194,1575.0156808776444
1791.11930751542,355.05408806121284,435.7207555534206,599.9624153217828,1762.4499434293534
1907.2127380334077,392.19550029614203,461.51378603952355,698.1233012615544,1847.3058859885023
1912.1316445251214,437.55247969198933,381.6221551649793,613.6269543500856,1825.2484280653075
2148.1230380796724,428.2675166524718,466.0876370196618,674.4805324592982,2021.4834529815384
2094.2206948467533,478.2266682289031,430.86277811640923,797.481386319545,2136.640273126291
2100.963685570555,490.5003702047458,454.29688419554674,768.830358554557,2108.4361552414443
2238.8098332799755,546.3698977323659,476.09624675519365,817.1737026596766,2177.7727591891203
2368.0474323656877,627.9249262205317,523.3344900689693,786.1268958026445,2154.5767728999667
2505.518970963607,545.5896766300723,570.2312389939773,848.9785411122751,2152.1066455678956
2627.535214086023,632.7215854541413,581.2835008239102,834.4952554927361,2402.1195667269394
2696.83611290498,627.5902580450713,587.7406704293363,937.9643047778943,2494.881257464402
2689.372373620014,650.2975907940811,579.5001574526993,934.2370201607529,2448.7392655084095
2961.1078207855753,695.2059884350045,728.8981863925574,848.5128627634734,2524.7587303452337
3061.4245643929808,683.9471232513388,694.5539428033645,1018.1529775599606,2519.075552114378
3033.8788830477433,781.8158708372852,688.7900779146255,959.9363669105127,2512.7340962618905
3244.7576943329277,773.4119839243549,672.0212546673228,981.988631205145,2767.4926056958834
3497.372647935049,765.6418662109473,729.816270802643,1018.5375771961196,2694.377087364046
3340.936578022236,823.3613196344627,657.4686366260647,956.7137665972487,2509.5953760202683
3550.6812930940787,749.2467472782596,716.6783147373866,999.0103732810718,2636.130491796736
3521.730724358319,844.4306484264561,781.8548077666902,983.3021509085161,2620.986023069791
3594.689657057317,793.281274770687,681.7873013758966,984.1195671690442,2669.7759801451725
3655.0259187377196,791.6273261170397,667.3680779708636,989.3295294625605,2567.138183702034
3466.086733975073,810.9545408004561,683.006722411426,1051.8135561480346,2813.828889065082
3366.3422974941386,728.7824082522186,688.5753623473917,1062.200196417174,2645.7206543080356
3457.688741727021,753.4714253650033,610.3851573421775,936.6584988650238,2627.997490332204
3487.871430679528,697.2943854560076,684.9597115335233,944.6608285337114,2754.7758474839757
6281.0272183643165,1139.3697448024375,1331.3307749054652,1897.2768433156946,3369.873768288679
4206.589558354636,650.3883974909565,706.7772161439531,1204.3439810139032,2829.114127436024
3649.588038554546,656.5245734866,769.804918026607,1127.1031743196572,2729.0241870337572
3789.827463200383,685.108996657959,738.7520304849462,1165.755866925587,2773.356037501189
3692.1037451049942,667.7611359185613,797.8702847859964,1198.8684515479563,2950.40981097404
3605.118563467424,656.8567404146484,737.2962792370829,1089.160460730856,2727.694552209022
4103.059664807004,708.2612368668201,697.368940480368,1219.8368238045928,3023.299936262575
4191.09979293814,629.8930894913815,714.7363351647064,1144.9839225442292,3133.1086444597945
4099.9137449773025,641.7917733201506,730.2016658524523,1083.6106288741607,3022.9188493251186
4020.508879617959,682.3695634439052,704.7723130935095,1207.064150480171,2895.160164987287
3956.0261179837225,611.849405550075,821.6497173914728,1151.3150034510938,3078.8390462768716
3709.6033108357424,636.6799667260898,797.0249129129824,1058.8764226697324,2940.908650723626
3868.6516171269277,597.660361198579,735.0068051372501,1099.3729932142548,3120.7967356344648
4038.147797299799,580.1226863720699,837.8164714172258,939.0407830509749,3140.9668038771592
3897.071849067925,576.6839396146938,792.3604630714226,942.2770078494399,3258.121437265859
3765.6221802791943,505.899507055792,745.6973176658182,986.3696262719939,3174.433202195288
3949.7663048753416,504.5053188009134,726.0062009061311,963.9072093214962,3200.6729751592793
3568.5585801186476,500.99604352378543,831.1729163076506,885.3158010583126,3083.6675984051476
3640.8469861562103,519.3688904801093,749.5775772386087,971.4035191988954,3043.1457827713157
3738.4991329733266,475.4470586470203,888.2377410362948,1013.4574819607957,2795.805468560713
3573.7489852088697,510.1815651970873,901.6894169377027,929.3884050459021,2879.92819476148
3602.4885646986295,508.6744569720466,786.5219819471426,954.5044043704398,2893.5701674594293
3661.819410596717,531.2979450864854,829.1442939615118,950.1612575834645,2735.750488654027
3614.354946824031,505.311926254456,838.3511459099061,913.9915036103827,2518.5490338085433
3700.8464061659884,472.5091249114907,822.1116910942246,872.3302709780215,2406.2826693215666
3970.247349284148,479.3446679134962,857.6023085013335,891.940206065394,2214.5269079738573
3947.2503303857293,456.1544899356297,933.7624475572992,934.4335502900542,2125.46837405836
3805.7614524110754,453.3578301048497,801.0443237028876,944.8192288857639,2208.10945099096
3284.4794930336975,397.5535787584418,808.4162470100646,922.0517913476813,2094.7841676722082
3168.481695903319,437.2808547118499,783.1851684648109,835.0007569873261,2038.7454325080307
7022.002698216412,899.9852317857536,1459.5572693128881,1739.029411342603,3245.8333675826602
3552.1303235748182,395.37328686825543,778.386359457334,824.3006916426573,2007.8506313383468
3571.5141889148917,458.50206294779446,798.6713086092172,873.4518813051169,2161.3288973090807
3558.558050374193,508.65404038883014,762.4884337389983,862.012956012687,2195.0963406708197
3252.028053437434,426.43333885886256,757.3446271993206,866.4834077351863,2170.7174527014176
3038.008544529548,471.6760567651487,752.5297825709916,906.2740403071239,2087.5446944811274
3013.262106434113,455.77341292221087,712.192854664938,907.2872965686734,2251.1795861733344
2910.172521195517,398.0122612280789,649.7076578552587,890.8769499109463,2048.541958764472
2905.0687000705702,433.1586284153416,675.716316739598,828.9954001843386,2058.6249479135995
2736.7481180217146,467.5427855240826,721.1612158278825,818.1312186603375,2074.721148162956
2747.412204102865,389.0724354387695,667.483096133907,845.3459375000766,1932.4479418546966
2620.0917895457433,391.1272726844581,629.0709246647041,763.9455473072085,1989.918762865169
2528.399370173536,402.715772519934,548.3631059593429,732.1343849021446,1899.0512714822785
2736.9403148843985,377.9957707800918,575.219079086322,771.1304735343432,1908.8740060749199
2486.7331892317243,419.0589526725139,603.9549755469662,763.323006175897,1826.9370142888258
2595.1803226795364,422.7921540124943,538.8003181797303,786.1006914032191,1899.6295297822883
2520.295863422246,403.708716941706,565.479125671047,753.2078595963139,1941.8585350045425
5263.10792946571,822.2753214219016,1305.5230743979364,1792.0727579920792,2582.37904216898
2376.977243414941,478.40340775238724,518.7547248745458,790.979188996995,1767.369966473315
4139.9199263360515,676.8662391459548,996.7366120753416,1364.9496640349812,2506.2609294837307
3648.401202774995,648.2358375295116,886.5782467597901,1044.721063690397,2169.654429134478
2605.39449070055,480.10698598400126,528.4893541714446,717.9691364609844,1938.2513707461944
2405.201840600447,446.12562001319327,523.6018852320665,746.3053216643046,1818.8147169553886
2675.489527128975,441.8556281750915,512.546287790672,714.7046918488337,1879.2105070032294
2446.4609546224556,432.36781839620966,477.8719712168676,737.5188453152265,1820.8862546565501
2491.251079105793,390.75523975457804,517.7855146671344,794.6928540572279,1870.992445660725
2529.5273418171873,373.24229207017606,497.9330122067234,768.4059053684622,1763.8467328649435
3820.9528899184425,619.2592307591012,840.2662870249309,1290.2237853962918,2210.1805447272022
3478.6000343106316,579.5770440568087,732.4517986503421,1024.9753464168123,2154.982890187329
2397.411029356146,392.9490039936992,509.4711719327843,724.3460620471902,1736.322070194134
3844.1012907156746,533.3400830616039,693.4136609143633,1232.495923318555,2221.7695454999066
2355.5614147806937,331.81433765502743,489.4236865830816,512.3550087090237,1926.2636718680715
3510.3014677371975,508.3855481957063,670.471486353846,1051.2073450493124,2195.3691656665205
2151.965832713743,350.7435131568394,458.16636078497385,688.537967858226,1892.8611205101918
3054.888132860844,533.4834457956132,649.246369802251,1070.700640277369,2570.835910819536
3188.324448973517,570.4585764333916,623.6524406340022,1144.6127697301013,2597.066490868362
3276.6637245104685,567.818933999252,584.9396537703294,1142.3067034368387,2544.746845882316
3064.7025888446515,489.83532529006493,587.4437306722583,1102.0439077010972,2388.382436072781
3145.639433188797,510.1232762165805,585.0372004277548,1096.1506873091328,2037.8893902820919
3065.060395332129,504.6912771145452,570.1353740001641,1004.5967772882567,2169.19007213448
2917.5611411937207,495.60493584485295,593.2852150062208,903.1319004728172,1929.5692878505993
2970.6206851353527,485.4673823416782,555.9163631511832,912.1710801556588,1722.597187106257
2847.4153086316846,486.8111926209437,532.11807951746,818.2317579351433,1756.6684691718874
2728.963755622338,446.65653375821466,521.7974640775998,824.5173159138806,1580.117535207759
2635.7117048103255,413.04286335168837,503.5138303269981,819.4408303611075,1609.6987725244976
2779.113506687164,415.0890906945477,477.5119295883597,791.3935879258108,1600.303683148733
2366.379946110399,408.40387381526835,534.2368062099792,808.7751970922571,1454.6409087286415
2481.0848347477495,419.49386376486365,504.0304327909669,768.7796385469842,1485.2107698460613
2531.8628499350443,399.26458237600167,432.13324230109373,774.1044976072071,1383.190393389731
2405.911518101455,400.7804169867366,464.962734872376,744.1233297064632,1325.917051326278
2381.53897072997,350.9958931423148,453.85126359692936,769.563318264401,1240.1669297877547
2233.995067673692,371.99177826496754,373.2140893338847,732.977194649102,1277.7859202778677
2160.227974701792,347.4846339575265,449.86479073090527,692.2758799280855,1264.811928201686
2297.0859912152137,342.0950033170923,437.00013275403785,686.1618362524699,1167.5636337297094
2191.231400682428,370.7441979580218,375.8673249748279,684.6844337162094,1170.6797121621398
2122.2020998273124,353.4483356090486,463.16400805976383,670.2609117547444,1223.5416386114455
2012.9644977864389,343.40342049304127,441.08742593758654,712.4379673761595,1108.5759045329637
1792.8417037858871,315.83547451017716,384.2615666840356,658.533281208217,1004.1665071457743
1740.2075224682028,340.70622567334016,399.52320375897926,603.8129040865166,1067.0952937988325
1879.696417709258,321.93175695258935,398.3541410495508,620.7522057935578,967.9396120189423
1798.5728381413435,350.0818605997393,365.53455492683116,588.630222405444,998.2934278861756
1745.4595304188722,344.78235598546837,394.21689407120124,578.4748354411166,1012.8181626000245
1774.8349128769796,320.8109208024218,360.1126064037032,555.1834670379513,886.6474128556664
1627.1471456028416,338.9788324536381,341.5450182457126,572.3141922179954,965.9408062591326
1766.1230847157603,323.12708751562053,385.51003147369596,567.5804564243577,1030.4056872171577
1722.9611160369705,308.89859272305176,348.7896732852825,556.8418565187734,886.386467021689
1584.2836320674614,330.2255439223202,319.3477982773917,515.9286798553676,915.6248214853326
1578.5565276748098,310.8362201387226,364.6665999438842,529.9849999522417,898.3402373690822
1561.0247940547622,313.1113440489951,345.31464960831903,513.456057819731,882.4711193182328
1430.0239687733113,315.6676163098489,305.65892256522216,490.3870603011307,892.4007601851054
1548.6583555589918,294.60747866517306,393.28641782053467,510.9551696585467,905.8386267210841
1632.8149077190683,312.54257350080906,336.4664244492756,514.8496585624993,874.5217149536452
1505.197058112896,328.2927766607843,324.13199297224514,498.59737790774324,894.2666030248682
1570.9466399456644,308.6848669269882,384.0229356635248,501.4685739137917,915.5542331048044
1632.4814778019504,319.80876814327837,364.6031382871942,513.706246081141,849.9087298682961
1482.1717719221497,313.58298336287413,309.10415763743714,499.03760716367884,927.8465780008256
1548.7266702860227,300.8975579597357,398.95425207426575,506.85697765372186,947.4336409277284
1564.9797795555048,294.21951295610813,364.4599533691685,513.8554389184412,930.0648524269982
1496.1021166746884,302.4805377068961,333.3530539062334,518.3094845673918,937.2277441352051
1559.4719977193972,285.4763344858728,393.42763093739103,532.9391346683933,963.8156571607118
1550.8596054144468,361.91594230673985,406.64330564105853,534.4673465294838,1073.9636499539401
1540.8284080830351,322.26412554746065,385.2814646482307,512.025912864155,1070.7379302024144
1693.3065798781154,295.04095096214684,427.3348894671567,507.06232358921426,1132.5841399212668
1626.0832162831116,315.0580831487344,424.98681276556454,583.6243178347288,1184.3952817141733
1606.7581849770052,333.76441357780175,427.27983640206486,576.8766146952742,1263.8198791284563
1716.7403575072021,318.68276704759444,469.05753532443316,568.5346954921978,1429.6605727534522
1691.0200101057414,372.87828512463483,471.29237681169843,644.0678716016096,1438.0258525697184
1733.429700681995,391.8666276250352,393.27021235171225,645.0492703467811,1623.9523397493026
1829.460573213911,389.8721319799205,473.61024252606455,635.2934809327445,1811.6680030620373
1945.5540037318988,421.6298407380427,486.9856117009943,724.909041133414,1896.5239456211862
1950.4729102236124,463.0243053534601,419.51164213762326,648.9580199610473,1874.4664876979914
2186.4643037781634,466.15700362511575,491.5594626811326,701.2662723311578,2070.7015126142223
2132.5619605452443,503.69849389037387,468.7522650890532,824.2671261914046,2185.858332758975
2169.1952407049857,532.600751086229,479.7687098570175,807.1716242530481,2157.6542148741282
2307.0413884144064,581.7009633433275,501.5680724166644,855.5149683581676,2226.990818821804
2436.2789875001185,663.2559918314934,558.665555679931,824.4681615011356,2203.7948325326506
2573.750526098038,580.920742241034,605.562304604939,887.3198068107662,2201.3247052005795
2695.766769220454,668.052651065103,616.6145664348719,872.8365211912271,2451.3376263596233
2765.067668039411,662.921323656033,623.071736040298,976.3055704763854,2544.099317097086
2757.603928754445,677.0833306659407,614.831223063661,972.5782858592439,2497.9573251410934
3029.339375920006,721.9917283068642,755.683926264417,886.8541284619645,2573.9767899779176
3129.6561195274116,710.7328631231984,732.8952085018556,1056.4942432584517,2568.2936117470617
3155.6487099612013,808.6016107091448,727.1313436131165,998.2776326090037,2561.9521558945744
3366.5275212463857,811.7532496228459,710.3625203658138,1020.329896903636,2837.805167843355
3619.142474848507,803.9831319094384,768.157536501134,1056.8788428946107,2743.59514699673
3462.706404935694,861.7025853329537,695.8099023245558,995.0550322957397,2558.813435652952
3672.4511200075367,787.5880129767506,755.0195804358776,1037.3516389795627,2706.4430539442073
3643.500551271777,882.7719141249471,820.1960734651813,1021.6434166070071,2691.2985852172624
3716.459483970775,831.622540469178,720.1285670743877,1022.4608328675353,2740.088542292644
3776.7957456511776,829.9685918155308,705.7093436693547,1027.6707951610515,2637.4507458495054
3587.856560888531,849.2958064989472,721.3479881099171,1090.1548218465257,2884.1414512125534
3488.1121244075966,767.1236739507096,726.9166280458827,1100.5414621156651,2716.033216455507
3579.458568640479,791.8126910634943,663.8730373307903,974.9997645635149,2698.3100524796755
3609.641257592986,735.6356511544986,723.3009772320144,983.0020942322025,2825.088409631447
6281.49124623857,1177.7110105009285,1358.1165147773247,1935.6181090141856,3440.1863304361505
4328.359385268094,688.7296631894476,745.1184818424441,1302.053397008172,2878.3321870687078
3771.357865468004,694.8658391850911,808.146183725098,1224.812590313926,2778.242246666441
3911.597290113841,723.45026235645,777.0932961834372,1263.4652829198558,2822.574097133873
3813.8735720184523,706.1024016170524,836.2115504844875,1296.577867542225,2999.6278706067237
3726.888390380882,695.1980061131394,775.6375449355739,1186.8698767251246,2776.9126118417057
4224.829491720462,746.6025025653112,735.710206178859,1317.5462397988615,3072.517995895259
4312.869619851598,668.2343551898725,753.0776008631974,1242.693338538498,3182.3267040924784
4221.6835718907605,680.1330390186416,768.5429315509433,1115.3900013168923,3072.1369089578025
4142.278706531417,720.7108291423963,743.1135787920006,1238.8435229229026,2944.3782246199708
4077.7959448971806,665.3372855386879,859.9909830899638,1183.0943758938254,3128.0571059095555
3831.3731377492004,675.0212324245808,835.3661786114734,1090.655795112464,3011.2212128710976
3990.4214440403857,651.1482411871918,773.3480708357412,1131.1523656569864,3191.109297781936
4159.917624213257,615.4537519830316,876.1577371157168,977.382048749466,3211.2793660246307
3897.535876942178,612.0150052256555,830.7017287699136,980.6182735479309,3328.4339994133306
3766.0862081534474,541.2305726667537,784.0385833643093,1024.710891970485,3244.7457643427592
3994.232859922955,539.8363844118751,764.3474666046221,1002.2484750199873,3270.9855373067508
3613.025135166261,536.3271091347472,869.5141820061416,923.6570667568036,3153.980160552619
3762.6168130696688,554.6999560910709,787.9188429370997,1009.7447848973865,3113.458344918787
3860.2689598867846,517.5474395285036,926.5790067347858,1051.7987476592866,2866.1180307081845
3618.215540256483,545.512630808049,940.0306826361938,967.7296707443932,2950.2407569089514
3646.955119746243,544.0055225830083,824.8632476456337,992.8456700689309,2963.8827296069007
3706.28596564433,566.629010697447,867.4855596600029,988.5025232819555,2806.0630508014983
3658.821501871644,540.6429918654177,876.6924116083972,952.3327693088737,2588.8615959560148
3745.3129612136017,514.6095057929739,860.4529567927157,910.6715366765126,2455.5007289542505
4014.7139043317616,521.4450487949795,895.9435741998245,930.2814717638851,2263.744967606541
3991.7168854333427,498.25487081711293,972.1037132557902,972.7748159885452,2174.686433691044
3850.228007458689,495.4582109863329,839.3855894013786,983.1604945842549,2257.327510623644
3328.946048081311,439.653959639925,846.7575127085556,960.3930570461723,2144.002227304892
3212.9482509509326,479.3812355933331,821.5264341633019,873.3420226858171,2087.9634921407146
7143.77252512987,926.7709716576132,1497.8985350113792,1777.370677041094,3295.051427215344
3673.9001504882763,448.8611668568683,816.7276251558251,856.0800640853888,2057.0686909710307
3693.2840158283498,511.9899429364073,837.0125743077083,905.2312537478484,2210.5469569417646
3680.327877287651,562.1419203774431,800.8296994374894,893.7923284554186,2244.3144003035036
3373.7978803508922,479.9212188474754,795.6858928978116,898.2627801779179,2219.9355123341015
3159.778371443006,525.1639367537616,790.8710482694827,938.0534127498554,2136.7627541138113
3135.031933347571,509.2612929108237,750.534120363429,939.0666690114049,2300.3976458060183
3031.9423481089752,440.1126421095621,688.0489235537498,922.6563223536779,2097.760018397156
3026.8385269840282,475.2590092968248,707.4956891823296,860.7747726270701,2107.8430075462834
2858.5179449351726,509.6431664055658,752.9405882706141,849.910591103069,2123.93920779564
2869.182031016323,431.1728163202527,699.2624685766385,877.1253099428081,1981.6660014873805
2741.8616164592013,433.2276535659413,660.8502971074356,795.72491974994,2039.1368224978528
2650.1691970869942,444.8161534014172,580.1424784020744,763.9137573448761,1948.2693311149624
2858.7101417978565,420.096151661575,628.706959074935,809.4717392328342,1979.1865682223913
2608.5030161451823,461.1593335539971,657.4428555355792,801.6642718743881,1897.2495764362973
2716.9501495929944,464.8925348939775,592.2881981683431,824.4419571017102,1969.9420919297597
2642.065690335704,441.59820391434994,600.8101912820086,791.549125294805,2012.171097152014
5263.571957339964,849.0610612937612,1332.308814269796,1830.4140236905703,2652.6916043164515
2498.747070328399,531.891287741,572.2426048631587,822.7585614397266,1816.5880261059988
4261.6897532495095,715.2075048444458,1028.515984518073,1396.7290364777127,2555.4789891164146
3770.171029688453,686.5771032280027,918.3576192025216,1076.5004361331285,2218.872488767162
2727.164317614008,533.5948659726141,560.2687266141761,749.7485089037159,1987.4694303788783
2526.9716675139052,499.61350000180613,555.381257674798,778.0846941070362,1868.0327765880725
2797.259354042433,495.34350816370437,544.3256602334035,746.4840642915652,1928.4285666359133
2568.2307815359136,474.46819927769286,509.6513436595991,769.298217757958,1870.104314289234
2613.020906019251,432.85562063606125,549.5648871098659,826.4722264999594,1920.210505293409
2651.2971687306454,415.34267295165927,529.7123846494549,800.1852778111937,1813.0647924976274
3942.7227168319005,654.5902963700629,872.0456594676624,1322.0031578390233,2259.398604359886
3600.3698612240896,614.9081096677704,764.2311710930736,1056.7547188595438,2204.2009498200127
2519.180856269604,435.0493848751824,541.2505443755158,756.1254344899218,1785.540129826818
3965.8711176291326,568.6711486725656,731.7549266128543,1264.2752957612865,2270.9876051325905
2477.3312416941517,373.91471853651063,542.9115665716945,544.1343811517552,1975.4817315007554
3632.0712946506555,543.716613806668,708.812752052337,1082.986717492044,2265.681727813992
2273.735659627201,392.8438940383226,511.6542407735867,720.3173403009575,1963.1736826576632
3176.657959774302,568.8145114065749,687.5876355007421,1102.4800127201006,2641.1484729670074
3310.094275886975,605.7896420443533,658.9835062449639,1176.3921421728328,2646.284550501046
3398.4335514239265,603.1499996102136,620.2707193812911,1174.0860758795702,2593.964905515
3186.4724157581095,531.9357061715482,622.77479628322,1133.8232801438287,2437.6004957054647
3267.409260102255,545.4543418275422,620.3682660387165,1127.9300597518643,2087.1074499147758
3186.830222245587,540.0223427255069,605.4664396111258,1036.3761497309881,2218.408131767164
3039.3309681071787,530.9360014558147,628.6162806171825,934.9112729155487,1978.7873474832832
3092.3905120488107,527.5677632231615,591.2474287621449,943.9504525983904,1771.815246738941
2969.1851355451427,528.9115735024269,567.4491451284217,850.0111303778748,1805.8865288045713
2850.733582535796,488.75691463969787,557.1285296885615,862.8585816123716,1629.3355948404428
2757.4815317237835,455.1432442331716,538.8448959379598,857.7820960595985,1658.9168321571815
2900.883333600622,457.1894715760309,519.6123104698429,829.7348536243019,1649.5217427814168
2404.72121180889,450.50425469675156,569.5678718209409,847.1164627907482,1503.8589683613254
2602.8546616612075,461.59424464634685,539.3614984019287,807.1209042454752,1534.4288294787452
2653.6326768485023,441.3649632574849,474.23362318257693,812.4457633056982,1432.408453022415
2527.681345014913,438.6699039593806,507.0631157538592,782.4645954049543,1375.1351109589618
2503.308797643428,388.88538011495876,495.95164447841256,807.904583962892,1289.3849894204386
2355.7648945871506,409.8812652376115,415.3144702153679,771.318460347593,1327.0039799105516
2281.99780161525,385.3741209301705,491.9651716123885,730.6171456265765,1314.0299878343699
2418.8558181286717,379.98449028973624,479.10051363552105,724.503101950961,1216.5002926013676
2259.462955816859,408.63368493066577,417.9677058563111,723.0256994147004,1219.616371033798
2190.4336549617433,391.3378225816926,505.26438894124703,708.6021774532354,1272.4782974831037
2081.1960529208695,378.2214644117489,483.18780681906975,750.7792330746505,1157.512563404622
1861.0732589203178,350.6535184288848,426.3619475655188,696.874546906708,1053.1031660174326
1808.4390776026335,375.5242695920478,441.62358464046247,657.3007840751295,1116.0319526704907
1947.9279728436886,356.749800871297,440.454521931034,659.0934714920488,1016.8762708906006
1866.8043932757741,384.89990451844693,407.63493580831437,642.1181023940569,1047.2300867578338
1813.6910855533029,379.600399904176,436.31727495268444,631.9627154297295,1061.7548214716828
1843.0664680114103,355.6289647211294,398.00209337634715,608.6713470265643,935.5840717273247
1695.3787007372723,373.79687637234576,379.43450521835655,607.645257828957,1014.8774651307909
1834.354639850191,357.9451314343282,423.3995184463399,602.9115220353194,1079.342346088816
1791.1926711714011,343.7166366417594,386.67916025792647,592.1729221297351,935.3231258933473
1622.6248977659525,365.04358784102783,357.23728525003565,551.2597454663293,964.561480356991
1616.8977933733008,345.6542640574302,402.55608691652816,565.3160655632033,947.2768962407405
1599.3660597532532,347.9293879677027,383.204136580963,548.7871234306926,931.4077781898911
1468.3652344718023,350.4856602285565,343.5484095378661,532.4874411826139,941.3374190567637
1586.9996212574829,329.4255225838807,431.17590479317863,546.2862352695084,954.7752855927424
1671.1561734175593,347.3606174195167,374.3559114219196,550.1807241734609,923.4583738253035
1543.538323811387,363.11082057949193,362.0214799448891,533.928443518705,943.2032618965266
1609.2879056441554,343.50291084569585,421.91242263616874,536.7996395247534,964.4908919764628
1670.8227435004414,354.626812061986,402.4926252598382,549.0373116921027,898.8453887399544
1520.5130376206407,348.4010272815818,346.9936446100811,534.3686727746406,976.7832368724839
1587.0679359845137,335.71560187844335,436.8437390469097,542.1880432646835,996.3702997993868
1603.3210452539959,329.0375568748158,402.34944034181245,549.1865045294029,979.0015112986565
1534.4433823731795,337.29858162560373,371.2425408788774,553.6405501783535,986.1644030068634
1597.8132634178883,320.29437840458047,431.317117910035,568.270200279355,1012.7523160323701
1589.2008711129379,396.7339862254475,444.5327926137025,569.7984121404455,1122.9003088255984
1579.1696737815262,357.0821694661683,423.1709516208747,547.3569784751166,1119.6745890740726
1731.6478455766064,329.8589948808545,465.22437643980066,542.393389200176,1181.520798792925
1664.4244819816026,349.87612706744204,462.8762997382085,618.9553834456905,1233.3319405858315
1645.0994506754962,368.5824574965094,465.1693233747088,612.2076803062358,1312.7565380001145
1755.0816232056932,353.5008109663021,494.5293609859039,603.8657611031595,1478.5972316251105
1729.3612758042325,402.3126255665355,513.3927576931817,679.3989372125712,1486.9625114413766
1771.770966380486,421.30096806693587,435.37059323319545,680.3803359577428,1672.8889986209608
1867.801838912402,427.76161895256445,515.7106234075478,670.6245465437062,1860.8860626947212
1983.8952694303898,459.51932771068664,529.0859925824775,751.6947810052736,1945.74200525387
1988.8141759221035,488.4961310149308,461.61202301910646,687.2992856595383,1923.6845473306753
2224.8055694766545,491.6288292865865,533.6598435626158,739.6075380296488,2119.9195722469062
2170.9032262437354,529.1703195518446,510.8526459705364,862.6083918898956,2235.076392391659
2237.4267958394166,567.9318166971907,521.8690907385007,845.5128899515391,2206.872274506812
2375.2729435488372,617.0320289542892,536.8991380276261,893.8562340566586,2276.208878454488
2504.5105426345494,690.041731703353,593.9966212908927,862.8094271996266,2253.0128921653345
2641.9820812324688,616.2518078519956,640.8933702159006,925.6610725092572,2250.5427648332634
2763.998324354885,694.8383909369626,651.9456320458336,911.1777868897182,2500.555685992307
2833.2992231738417,689.7070635278926,658.4028016512597,1014.6468361748764,2593.31737672977
2825.835483888876,703.8690705378003,650.1622886746227,1010.919551557735,2547.1753847737773
3097.570931054437,748.7774681787238,782.4696661362766,925.1953941604555,2623.1948496106015
3251.4259464408697,749.0741288216894,771.2364742003466,1094.8355089569427,2617.5116713797456
3277.4185368746594,846.9428764076358,765.4726093116076,1036.6188983074946,2611.1702155272583
3488.2973481598438,850.094515321337,748.7037860643048,1058.671162602127,2908.1177299908263
3740.912301761965,842.3243976079294,806.4988021996251,1095.2201085931017,2792.813206629414
3584.476231849152,900.0438510314448,734.1511680230468,1033.3962979942307,2608.031495285636
3794.2209469209947,825.9292786752417,793.3608461343687,1075.6929046780538,2755.6611135768912
3765.270378185235,921.1131798234381,858.5373391636723,1059.9846823054982,2761.611147364734
3838.229310884233,869.9638061676691,758.4698327728787,1060.8020985660262,2810.4011044401154
3898.5655725646357,868.3098575140218,744.0506093678457,1066.0120608595425,2707.763307996977
3709.626387801989,887.6370721974382,759.6892538084081,1128.4960875450167,2954.454013360025
3609.8819513210547,805.4649396492007,765.2578937443737,1138.8827278141562,2786.3457786029785
3701.228395553937,830.1539567619853,702.2143030292814,1013.3410302620059,2768.622614627147
3731.4110845064442,773.9769168529897,761.6422429305054,1021.3433599306935,2895.4009717789186
6281.955274112824,1216.0522761994196,1396.4577804758158,1973.9593747126767,3510.498892583622
4450.129212181552,727.0709288879386,783.4597475409352,1399.7628130024407,2927.5502467013916
3893.127692381462,733.2071048835821,846.487449423589,1322.5220063081947,2827.460306299125
4033.367117027299,761.7915280549411,815.4345618819283,1361.1746989141245,2871.7921567665567
3935.6433989319103,744.4436673155434,874.5528161829785,1394.2872835364938,3048.8459302394076
3848.65821729434,733.5392718116304,813.978810634065,1284.5792927193934,2826.1306714743896
4346.59931863392,784.9437682638022,774.0514718773501,1415.2556557931302,3121.736055527943
4434.639446765056,706.5756208883636,791.4188665616884,1340.4027545327667,3231.5447637251623
4343.4533988042185,718.4743047171327,806.8841972494344,1147.1693737596238,3121.3549685904864
4264.048533444875,759.0520948408873,781.4548444904916,1270.6228953656341,2993.5962842526546
4199.565771810639,703.6785512371789,898.3322487884549,1214.873748336557,3177.2751655422394
3953.1429646626584,713.3624981230719,873.7074443099644,1122.4351675551954,3081.533775018569
4112.191270953844,689.4895068856829,811.6893365342322,1162.931738099718,3261.4218599294077
4281.687451126715,653.7950176815226,914.4990028142079,1015.723314447957,3281.591928172102
3897.9999048164314,665.5028852142684,869.0429944684047,1018.959539246422,3398.746561560802
3766.5502360277005,594.7184526553665,822.3798490628003,1063.052157668976,3315.0583264902307
4116.002686836413,575.1674500228368,802.6887323031132,1040.5897407184782,3341.298099454222
3734.794962079719,571.6581747457088,907.8554477046326,961.9983324552946,3224.2927227000905
3884.3866399831268,590.0310217020326,826.2601086355908,1048.0860505958774,3183.7709070662586
3982.0387868002426,552.8785051394652,964.9202724332769,1090.1400133577777,2936.430592855656
3739.985367169941,580.8436964190107,978.3719483346848,1006.0709364428842,3020.553319056423
3691.4216747938563,579.33658819397,863.2045133441247,1031.1869357674218,3034.195291754372
3750.7525206919436,601.9600763084087,905.8268253584939,1026.8437889804466,2876.37561294897
3703.2880569192575,575.9740574763794,915.0336773068882,990.6740350073648,2659.174158103486
3789.779516261215,549.9405714039356,898.7942224912067,949.0128023750036,2504.7187885869344
4059.180459379375,556.7761144059411,934.2848398983156,968.6227374623761,2312.963027239225
4036.183440480956,533.5859364280747,1010.4449789542813,1011.1160816870363,2223.904493323728
3894.694562506302,530.7892765972946,877.7268550998697,1021.501760282746,2306.5455702563277
3373.4126031289243,481.7543405214082,885.0987784070467,998.7343227446634,2193.220286937576
3257.414805998546,521.4816164748163,859.867699861793,911.6832883843082,2137.1815517733985
7265.542352043328,953.5567115294729,1536.2398007098702,1815.711942739585,3344.269486848028
3795.6699774017343,502.34904684548115,855.0688908543161,887.8594365281203,2106.2867506037146
3815.053842741808,565.4778229250202,875.3538400061993,937.01062619058,2259.7650165744485
3802.097704201109,615.6298003660559,839.1709651359804,925.5717008981501,2293.5324599361875
3495.5677072643502,533.4090988360883,834.0271585963027,930.0421526206494,2269.1535719667854
3281.548198356464,578.6518167423744,829.2123139679737,969.8327851925869,2185.980813746495
3256.801760261029,562.7491728994366,788.87538606192,970.8460414541364,2349.615705438702
3153.7121750224333,482.2130229910453,726.3901892522408,954.4356947964094,2146.9780780298397
3148.6083538974863,517.359390178308,739.2750616250611,892.5541450698016,2157.0610671789673
2980.2877718486307,544.9742320165275,784.7199607133456,881.6899635458005,2173.157267428324
2990.951857929781,473.2731972017359,731.04184101937,908.9046823855397,2030.8840611200644
2863.6314433726593,475.3280344474245,692.6296695501671,827.5042921926715,2088.3548821305367
2771.9390240004523,486.9165342829004,611.9218508448059,795.6931297876076,1997.4873907476463
2980.4799687113145,462.1965325430582,667.048224773426,847.8130049313253,2049.499130369863
2730.2728430586403,503.2597144354803,695.7841212340702,840.0055375728791,1967.5621385837687
2838.7199765064524,506.9929157754607,645.7760781569559,862.7832228002012,2040.2546540772312
2763.835517249162,483.69858479583314,636.1412568929703,829.890390993296,2082.4836592994857
5264.035985214217,875.8468011656208,1359.0945541416554,1868.7552893890613,2723.004166463923
2620.516897241857,585.3791677296128,625.7304848517715,854.5379338824581,1865.8060857386827
4383.4595801629675,753.5487705429368,1066.8572502165641,1428.5084089204443,2604.6970487490985
3891.940856601911,724.9183689264937,950.1369916452531,1108.27980857586,2268.090548399846
2848.934144527466,587.0827459612269,592.0480990569076,781.5278813464474,2036.6874900115622
2648.7414944273632,553.101379990419,587.1606301175295,809.8640665497677,1917.2508362207564
2919.029180955891,548.8313881523172,576.105032676135,778.2634367342968,1977.6466262685972
2690.0006084493716,527.9560792663058,541.4307161023306,801.0775902006895,1919.322373921918
2734.790732932709,486.3435006246741,581.3442595525975,858.251598942691,1969.4285649260928
2773.0669956441034,457.44305383314247,561.4917570921864,831.9646502539252,1862.2828521303113
4064.4925437453585,681.3760362419225,903.8250319103939,1353.7825302817548,2308.61666399257
3722.1396881375476,650.2391752787321,796.0105435358051,1088.5340913022753,2253.4190094526966
2640.950683183062,477.1497657566656,573.0299168182473,787.9048069326533,1834.7581894595019
4087.6409445425907,604.0022142835272,770.0961923113454,1296.054668204018,2320.2056647652744
2599.1010686076097,416.01509941799384,596.3994465603073,575.9137535944867,2024.6997911334392
3753.8411215641136,579.0476794176296,747.1540177508281,1114.7660899347754,2335.9942899614634
2395.505486540659,434.9442749198058,565.1421207621995,752.0967127436891,2033.4862448051347
3298.42778668776,604.1455770175365,725.9289011992331,1134.2593851628321,2711.461035114479
3431.864102800433,641.120707655315,697.324771943455,1208.1715146155643,2695.50261013373
3520.2033783373845,638.4810652211753,658.6119850797821,1205.8654483223017,2643.1829651476837
3308.2422426715675,567.2667717825099,661.116061981711,1165.6026525865602,2486.8185553381486
3389.179087015713,580.7854074385039,658.7095317372075,1159.7094321945958,2136.3255095474597
3308.600049159045,575.3534083364685,640.7975052220875,1068.1555221737196,2267.626191399848
3161.1007950206367,566.2670670667763,663.9473462281442,966.6906453582802,2028.005407115967
3214.1603389622687,562.8988288341232,626.5784943731065,975.7298250411219,1821.0333063716248
3090.9549624586007,564.2426391133886,602.7802107393834,881.7905028206063,1855.1045884372552
2972.503409449254,530.8572955211811,592.4595952995231,901.1998473108627,1678.5536544731267
2879.2513586372415,497.2436251146548,574.1759615489215,896.1233617580896,1708.1348917898654
3022.65316051408,499.2898524575141,554.9433760808046,868.0761193227929,1698.7398024141007
2443.062477507381,492.60463557823476,604.8989374319026,885.4577284892392,1553.0770279940093
2724.6244885746655,503.69462552783006,574.6925640128903,845.4621699439663,1583.6468891114291
2775.4025037619604,483.4653441389681,516.3340040640602,850.7870290041892,1481.6265126550988
2649.451171928371,480.7702848408638,542.394181364821,820.8058611034453,1424.3531705916457
2625.078624556886,430.98576099644197,531.2827100893743,846.2458496613831,1338.6030490531225
2477.5347215006086,451.9816461190947,457.4148510968511,809.6597260460841,1376.2220395432355
2403.767628528708,427.4745018116537,534.0655524938717,768.9584113250676,1363.2480474670538
2540.6256450421297,422.08487117121945,521.2008945170043,762.844367649452,1265.4369514730258
2381.232782730317,446.52317190330973,460.0680867377943,761.3669651131914,1268.5530299054562
2258.665210096174,429.22730955433656,540.5954545522087,746.9434431517265,1321.414956354762
2149.4276080553004,416.1109513843929,525.288187700553,789.1204987731415,1206.4492222762801
1929.3048140547485,388.5430054015288,468.462328447002,735.2158126051991,1102.0398248890908
1876.6706327370641,413.41375656469177,483.7239655219457,695.6420497736206,1164.968611542149
2016.1595279781193,394.63928784394096,482.5549028125172,697.4347371905399,1065.8129297622588
1935.0359484102048,422.7893914910909,449.73531668979757,680.459368092548,1096.166745629492
1881.9226406877335,417.48988687682,478.41765583416765,670.3039811282206,1110.691480343341
1911.298023145841,393.5184516937734,440.10247425783035,662.1592270151771,984.520730598983
1763.610255871703,411.68636334498973,417.3239921910005,642.9763234399187,1063.8141240024493
1902.5861949846217,395.83461840697214,461.2890054189839,638.2425876462811,1128.2790049604741
1859.4242263058318,381.6061236144034,424.56864723057043,627.5039877406967,984.2597847650056
1660.9661634644435,402.9330748136718,395.1267722226796,586.5908110772909,1013.4981392286493
1655.2390590717919,383.5437510300742,440.4455738891721,600.647131174165,996.2135551123988
1637.7073254517443,385.8188749403467,421.09362355360696,584.1181890416543,980.3444370615495
1506.7065001702933,388.3751472012005,381.4378965105101,567.8185067935756,990.274077928422
1625.340886955974,364.24356650258835,469.0653917658226,581.6173008804701,1003.7119444644007
1709.4974391160504,382.17866133822434,412.24539839456355,585.5117897844226,972.3950326969618
1581.879589509878,392.5451610213926,399.9109669175331,569.2595091296666,992.1399207681849
1647.6291713426465,378.3209547644035,459.8019096088127,572.1307051357151,1013.4275508481211
1709.1640091989325,389.44485598069366,440.38211223248214,584.3683773030643,947.7820476116127
1558.8543033191318,383.2190712002894,384.88313158272507,569.6997383856022,1025.7198957441421
1625.4092016830048,370.533645797151,462.31556470838046,577.5191088756452,1045.306958671045
1641.662310952487,363.8556007935234,440.2389273144564,584.5175701403646,1027.9381701703148
1572.7846480716705,372.1166255443114,409.13202785152134,588.9716157893151,1035.1010618785217
1636.1545291163793,355.1124223232881,469.20660488267896,603.6012658903167,1061.6889749040283
1627.542136811429,426.16832666734814,470.00461827517324,605.1294777514072,1171.8369676972566
1617.5109394800172,394.97165643881226,461.06043859351865,582.6880440860783,1168.6112479457308
1769.9891112750975,367.74848185349845,490.6962021012714,577.7244548111377,1230.4574576645832
1702.7657476800937,387.765614040086,488.34812539967925,654.2864490566521,1282.2685994574897
1683.4407163739872,406.47194446915336,490.64114903617957,647.5387459171975,1361.6931968717727
1793.4228889041842,391.39029793894605,520.0011866473747,639.1968267141211,1527.5338904967687
1767.7025415027235,440.20211253917944,548.7238233041434,706.1846770844309,1535.8991703130348
1810.112232078977,459.19045503957983,477.47097411467865,707.1660758296024,1721.825657492619
1906.143104610893,465.6511059252084,551.0416890185095,697.4102864155658,1910.104122327405
2022.2365351288809,484.9911533721574,564.4170581934392,778.4805208771332,1994.960064886554
2027.1554416205945,513.9679566764016,503.71240390058966,725.6405513580294,1972.9026069633592
2263.1468351751455,533.7292101680697,568.9909091735775,777.9488037281399,2169.13763187959
2209.2444919422264,564.5013851628063,546.1837115814981,900.9496575883867,2284.2944520243427
2305.6583509738475,603.2628823081524,557.2001563494624,883.8541556500302,2256.090334139496
2443.504498683268,652.3630945652509,572.2302036385878,932.1974997551497,2325.426938087172
2572.7420977689803,716.8274715752126,629.3276869018543,901.1506928981177,2302.2309517980184
2710.2136363668997,651.5828734629573,676.2244358268623,964.0023382077483,2299.7608244659473
2832.229879489316,721.6241308088222,678.7313719176932,949.5190525882092,2549.773745624991
2901.5307783082726,716.4928033997522,685.1885415231193,1052.9881018733674,2642.5354363624538
2894.0670390233067,730.65481040966,676.9480285464823,1049.260817256226,2596.393444406461
3165.802486188868,775.5632080505834,809.2554060081362,963.5366598589466,2672.4129092432854
3373.1957733543277,787.4153945201805,809.5777398988376,1133.1767746554337,2666.7297310124295
3399.1883637881174,885.2841421061269,803.8138750100986,1074.9601640059857,2660.388275159942
3610.0671750733018,888.435781019828,787.0450517627959,1097.012428300618,2978.430292138298
3862.682128675423,880.6656633064205,844.8400678981161,1133.5613742915928,2842.0312662620977
3706.24605876261,938.3851167299358,772.4924337215379,1071.7375636927218,2657.24955491832
