ADRIANO,AFFORI,ASSIANO,BAGGIO,BANDE NERE
2122.312731104611,5492.685890180792,2926.3113236792533,7031.64430084449,8349.814170750176
2098.2987486391135,5443.312680707975,2922.2816991844825,7027.175563898128,8335.563869970525
2071.5892484564424,5390.9671364277565,2909.6860641265866,7012.790076743297,8307.457220969278
2045.7714860978351,5346.225017318864,2887.625119554513,6995.722703404627,8259.441545163108
2024.6350617067446,5318.364685722414,2860.2425843749797,6987.613180408868,8197.565351745992
2010.9082813982095,5311.25424560005,2835.534257448823,6998.097296012309,8138.737072942847
2005.0975713821924,5321.562110908089,2821.530746912298,7028.545377845189,8102.106008212235
2005.0692171236842,5340.461610561883,2822.008754612042,7069.956475061315,8098.0509456391255
2006.7502073949674,5358.05128950911,2834.303438751057,7106.579799676281,8121.500946409142
2005.7495627348876,5368.064559198965,2850.5662821694705,7123.354873290405,8153.831770533968
1999.1531281493997,5370.15987002761,2861.7129588743605,7112.934987984655,8172.404980057372
1986.5933962986833,5368.454643118096,2861.6887106345403,7078.326248084779,8162.1979309513545
1970.0745259634898,5367.247180404516,2849.5829429837313,7029.829530120756,8122.794118984069
1952.7238170927292,5366.676255120005,2828.585053864084,6978.337512068634,8066.935107991995
1937.2108379329513,5361.2202812617625,2802.8071795170063,6929.0586019307575,8011.951325701949
1924.669803465118,5342.240531857925,2774.270084031717,6879.262245287779,7969.462176334702
1914.5504430781446,5303.202724360641,2742.0558927900793,6821.074910464334,7939.330015047165
1905.2187275607243,5244.362884717156,2704.029407046644,6747.337152778073,7910.828030559002
1894.7534233436281,5173.800527199345,2659.7295915476757,6656.85926593924,7869.461288839112
1881.4625794212766,5103.773219150968,2612.2409430136427,6555.968416083073,7804.763167911233
1864.046894942625,5044.233437711548,2567.568029793245,6455.540675909053,7714.458176709529
1841.6943338056005,4997.222863877037,2531.7367306739225,6365.309215087384,7603.250949089386
1814.3896680268622,4955.521135865853,2507.3780845551732,6288.650562792362,7478.046454233065
1783.3651250809426,4906.497453122437,2491.9137736103676,6220.603646563507,7343.29565858844
1751.2301984577252,4839.02709974748,2478.4617606903826,6149.998690313642,7199.393539140726
1721.2960790178522,4749.473988421111,2458.9176459166342,6064.417430330876,7044.492379018116
1696.085214559429,4643.270957470551,2427.4299534190227,5955.425148175724,6877.692166389418
1675.7061296346271,4531.259765524837,2382.4168678664696,5821.64790064197,6700.954556448132
1657.149036857777,4423.092332967713,2326.3060643194576,5668.558108259854,6518.462791784851
1635.2336203163507,4321.729074227635,2263.561503095969,5505.491296580947,6334.296060524706
1605.0030764586852,4222.343675488021,2198.398010440193,5341.61050760107,6150.544167122302
1564.3733008645538,4116.213332358057,2133.4430371032176,5182.780772773546,5967.4842320255
1515.502513564113,3997.1221443441077,2069.7412866482014,5030.634301649461,5785.666762407101
1463.9697215439887,3866.296855608983,2007.5966595993743,4883.916981439453,5608.1298128027665
1416.1259851226116,3732.8254474226637,1947.3985301355588,4741.089575073943,5440.731782242472
1376.1159195772568,3609.2742662729365,1889.8915603451144,4602.609738081795,5289.940189432977
1344.297948292702,3505.1082029619224,1835.9420376388355,4471.574770147454,5159.333194181151
1317.9238083141556,3421.7857625372394,1786.2195789557986,4352.337470563779,5047.145722757341
1293.5067777639285,3352.3305407599146,1741.1160392949248,4247.872765489822,4946.630253950796
1269.2510158505197,3285.488700365371,1700.8501633430649,4157.46985462914,4849.193562424189
1245.9423720947584,3211.931906275059,1665.4603477971796,4076.2777105114988,4748.480443478435
1225.802888193606,3128.924257872643,1634.5201891453348,3997.2726265704687,4643.02367804952
1210.240450952415,3040.9713450428826,1606.798320773423,3914.7986179459435,4536.086696207007
1198.1973790117643,2956.4381242769305,1580.3332533293858,3827.7519538632982,4433.130791392855
1186.3730278721832,2882.4215895512366,1553.1952919193386,3740.447981719754,4338.68959969576
1171.2511455485026,2820.9576954933113,1524.6348250201588,3660.380131938226,4254.487536016652
1151.5367722054452,2768.5809668457027,1495.8177175190615,3593.8805969525283,4179.518992050642
1129.2423197355172,2719.1161081895298,1469.4067476152566,3542.0720451957154,4111.430257619275
1108.5458363554044,2667.7150926496597,1447.9620106049476,3499.5539305977736,4047.9040976521483
1093.0894808013559,2613.6334003080788,1432.0638298015242,3456.8313557762613,3987.1736793521186
1083.5211411670825,2560.2433339750473,1419.5001353423763,3405.33111546096,3927.787441878343
1076.9918708498906,2512.5687127740707,1406.3555608355837,3342.243615050224,3868.4282934325724
1069.0289717828346,2474.0609474381854,1389.597975473462,3272.4065378227087,3808.414338747768
1056.5767516565593,2444.610725712213,1369.5856148163523,3206.0968271840507,3748.6817596604405
1040.1605869241168,2420.8621613707637,1350.694306852052,3153.9646349219256,3692.336523037778
1023.6871608308625,2398.4394155893156,1339.2958495670587,3121.986044555309,3643.9386007243043
1011.9882889202678,2374.6178967125206,1340.0403915162822,3109.2136581301443,3607.573514467903
1007.7602314150489,2349.8567760485316,1352.6802731028088,3109.3370888379714,3584.7944423718573
1009.9715842960164,2327.414114962864,1371.578521715471,3114.7617040033592,3573.8318637470816
1014.8031326262712,2311.4259404700815,1388.5010567945812,3120.5420070616956,3570.72868252599
1018.4307806152467,2304.6535693917294,1397.2220698334013,3125.910097625018,3571.7509105802524
1019.6878836697699,2307.1791098743174,1397.2298843970784,3132.981943120194,3575.5194460638995
1020.7496305637053,2316.7150312672375,1394.281379232038,3144.211717790172,3583.526621624673
1025.412569633674,2330.306810147199,1397.4855890136773,3160.9216186601834,3598.925479027486
1036.2973830769643,2346.5361791288265,1414.7667108425646,3184.24159876922,3624.7992691636164
1053.124858448364,2367.16711370821,1449.5267071514004,3217.7535407094733,3663.496332271291
1073.4743301404033,2397.5058496289093,1500.434098196766,3269.508513877713,3717.695987982615
1095.5997523030903,2445.333490013484,1564.096460494221,3351.096778262835,3792.307035093991
1121.2284886617467,2518.822701807586,1638.4018698834823,3473.2254140615314,3895.3123660327433
1156.0164243156069,2624.1644839995947,1723.9053626491275,3639.698624161393,4036.1337824567154
1206.7697896290908,2763.6463326639137,1822.1032503001152,3843.175821740419,4221.810687046089
1276.7832578385228,2934.697000650917,1931.7928686942755,4065.5278529053135,4453.0649694504955
1362.1806574423456,3130.0649940090716,2046.3155809558882,4283.23322634562,4722.788107642189
1451.8629755360664,3338.9604120885815,2154.1494853414542,4475.450017355015,5018.127545148563
1531.6226675885268,3548.773171538821,2243.1777235630875,4630.867597097632,5324.994336648505
1590.4139097342238,3746.941893777614,2306.394888365153,4750.113042761236,5632.119541938464
1625.3182537818627,3922.663387255916,2345.572051000518,4842.934556114371,5932.066556605921
1642.3857591189865,4068.3004516124115,2370.402990741891,4922.122553364257,6218.816127260848
1652.9110244096078,4180.435718784781,2393.3466192922137,4997.566738882409,6484.191453848797
1667.3547755118236,4260.461810148724,2423.060935855751,5073.270038274203,6716.529649259049
1690.4024760979364,4314.453100412037,2460.249163144002,5148.091253605375,6903.622606027834
1719.7979163315224,4352.007204865297,2498.2806868484663,5218.836102485837,7038.809379060795
1749.193927192365,4383.951176517565,2528.022171863762,5283.3350399911005,7126.345517102727
1772.866999839763,4419.30111254978,2543.7829749888606,5341.735237315579,7181.888179045242
1789.2309986141165,4462.431888778782,2546.7400356320068,5395.768127298148,7226.634538372145
1801.136853894081,4511.685190109034,2543.9509582083565,5447.106782082534,7277.765813360484
1813.170284907068,4560.311734408766,2543.9060209384193,5496.262466956162,7340.654470995437
1828.0645031514825,4599.704347976633,2551.655322531715,5542.748932932461,7407.720659295471
1844.730078000849,4623.721919358663,2566.5777506795007,5586.142865516527,7464.955956634129
1859.1262470591512,4632.153963347005,2583.9229195685944,5627.023577656054,7502.298692630187
1867.2051492580513,4631.541870805582,2598.7242139429204,5666.979200492407,7521.389315671718
1867.8111938151098,4632.7142954519195,2609.247519635133,5707.656848876522,7535.638476986074
1863.5644691679436,4646.009829173335,2617.6937045374866,5749.561390926729,7562.294652997463
1859.2119973287997,4676.414688883295,2627.9324082848443,5791.452533338032,7611.350802810916
1858.6489950961331,4721.020461621167,2642.1366965880093,5830.7240492267165,7678.3498153989385
1862.6347671741255,4770.136405836688,2658.8771454829453,5864.489831964403,7745.904376613224
1868.6586993237586,4811.583838213275,2674.0939161078068,5890.7414884754135,7793.3588776696115
1872.9114126890663,4836.096513991669,2684.2387282629093,5909.065219379602,7808.866422699059
1872.9380253642887,4841.20620100242,2689.268058569443,5920.792171636936,7796.514185014394
1869.2021172542297,4831.799284222203,2693.197316936985,5928.727149794541,7774.076842192526
1864.6336904018158,4817.251344003093,2701.578266166399,5936.571834829745,7762.678225289591
1862.6285743627968,4806.76019038045,2717.4135964691795,5947.996620471864,7774.53592084932
1864.9436401337612,4805.3085217265125,2738.212941079616,5965.353359158747,7806.0385077689225
1870.872860203056,4812.2110840624,2756.31026286814,5988.398393261999,7840.082042287116
1878.1149256714436,4822.750827431311,2762.5665238494785,6013.8408877876145,7856.027996103375
1884.5807648413916,4831.791213089383,2751.453547474987,6036.526903685104,7841.291180957442
1889.8353897197628,4837.311231475076,2724.6007033941996,6052.301658498606,7797.970691723401
1895.2432532395483,4841.980825975085,2690.735366111317,6061.343942788707,7741.214843733708
1902.852436042799,4852.009954359728,2662.0009277668028,6069.8777553379505,7690.9279771553765
1913.8986425306489,4873.933115835494,2648.6278407661775,6088.497045615482,7661.9449364169795
1927.9687181369284,4911.00054368467,2654.714906189272,6127.0690589898095,7658.008016043519
1943.2942055705344,4960.978266117391,2677.1019987944724,6188.474652599099,7672.060030878385
1957.8178056897784,5016.419748680387,2707.5659397863346,6264.82494770998,7691.572728623707
1970.1972178532037,5067.279403100617,2736.915150839219,6339.0857628432705,7705.214391059508
1980.0852316149383,5104.677245912086,2758.8609211710427,6392.270619769745,7707.279329936025
1987.6579184120724,5124.160891024187,2772.0014540683064,6412.965938753693,7698.375434192848
1992.940624915124,5127.103295847653,2779.4092142685936,6404.02591427471,7683.232231198604
1995.570395770433,5119.739084853501,2786.4415443695566,6382.264008017376,7667.665473439652
1995.1976914854492,5110.368319141272,2797.981049234214,6370.619920982638,7656.342277170865
1992.1399035951333,5105.996762191666,2816.2652075114884,6386.6133083910245,7651.792514067789
1987.6345756729324,5109.837502960329,2840.021229807341,6433.305380260653,7654.218723602554
1983.3221410938122,5120.635235101174,2865.0803708272456,6497.866329774189,7661.629992833317
1980.209826741343,5133.924821598857,2886.170194836094,6558.666987262634,7670.344775170177
1977.851903355093,5144.494782975634,2899.2089654885954,6596.965134612204,7676.197964624613
1974.4363109952571,5148.871522572693,2903.1927574085107,6606.632690396475,7676.387186886501
1967.8874885683917,5146.755948494146,2900.7998895847322,6596.577679275683,7671.102876906131
1957.3725176055432,5140.9346421859445,2897.2713349586097,6584.84491622135,7663.719938050681
1944.2467387002796,5135.928902372106,2897.910369251244,6588.210404875926,7658.972452415283
1931.7637814000902,5136.15921028705,2905.343316022045,6613.501565626523,7659.939098169696
1923.6308341317183,5144.463205244305,2918.0008396125363,6655.483445854741,7665.816677979978
1922.216620517422,5161.453071252287,2930.789177927104,6701.928132643647,7672.311754797095
1927.4390855633696,5185.6978869674895,2937.763711937845,6742.130119928059,7674.855269158923
1936.9370966496128,5214.3768960364505,2935.417362439677,6773.3327770466185,7672.7240509724
1947.3547342201607,5244.025133161237,2924.7169654350528,6801.275176536835,7671.087654810543
1955.9423089424397,5271.197918538392,2910.6549064953306,6835.067847671055,7678.98369723737
1961.5803966913263,5293.077703769578,2899.5294930396494,6880.202856020494,7703.854211084715
1964.7714641691637,5308.043441805283,2895.5551676263835,6934.423146633947,7745.860562255877
1966.7873529950793,5316.03368824772,2898.8307952417795,6988.976735154935,7795.855967231884
1968.5902234960545,5318.378317607327,2905.8386463239576,7034.066962240032,7838.916382793418
1970.1365193979839,5316.893955719439,2912.024905020714,7064.601030710961,7861.801870496773
1970.3217368140843,5312.477746233955,2914.677756537185,7082.381140921798,7859.936811491454
1967.425750602798,5303.939504720752,2914.17041312475,7093.522214249773,7839.446279957242
1959.7353907356455,5287.9716758521035,2912.7974431537614,7103.232671605141,7812.729227916011
1946.0986190072997,5260.701193137724,2912.135853048779,7111.856949581819,7790.210038058535
1926.3413095046567,5220.329844130538,2910.9433725357003,7115.084596861823,7773.558496621446
1901.5533112823805,5169.4868068274745,2905.2931648008644,7108.209432803894,7754.932716832895
1874.1683600729955,5115.725845334539,2891.1039373497833,7091.369426116273,7722.9899877829885
1847.652404106688,5069.396481743401,2867.481577266269,7071.845804114583,7671.919000212773
1825.6667571779874,5039.57853426226,2838.547887411506,7061.352286689558,7607.530331249064
1810.8473302910581,5030.057491652001,2812.256045910571,7069.586054250445,7546.063724737784
1803.683478990996,5037.573554130302,2796.5938540847415,7097.926958697339,7505.9102046450635
1802.1140306450848,5053.489781177962,2795.3180788836194,7137.318507082419,7497.03731616745
1802.2044357684797,5068.117629183321,2805.7785818253697,7171.912032392949,7514.57537795486
1799.7131063450122,5075.325544012737,2820.1694302771343,7186.553515902011,7540.639492301931
1791.8252475098434,5074.779917951687,2829.455541208913,7173.851097892637,7553.490728294514
1778.1862683322447,5070.510399664974,2827.61512291892,7136.83065992353,7538.704546145415
1760.7326456003511,5066.723587152023,2813.7428967361393,7085.858591947515,7495.883087308623
1742.4857493634793,5063.555821424025,2791.011535577711,7031.896775675583,7437.263832854844
1726.024682013626,5055.60465619434,2763.5114924610857,6980.18715533125,7379.4902139307205
1712.445327785028,5034.417537124806,2733.2530990386267,6927.982914326635,7333.720897075643
1701.216355529075,4993.601258149153,2699.3238578089504,6867.362002664586,7299.824469619533
1690.7595713070937,4933.407107230126,2659.600501625882,6791.120932443885,7267.5015174060245
1679.2194039073504,4861.741734016757,2613.6249299770184,6698.063379784086,7222.834885284532
1664.9618195604037,4790.599941387742,2564.46550983764,6594.557010163969,7155.776064603061
1646.7321171712777,4729.720840107539,2518.0949761362454,6491.5468953041445,7064.142088395456
1623.7463044035555,4681.102700544196,2480.507260574341,6398.828014799542,6952.45229276784
1595.9900755375893,4637.680888646143,2454.319718255363,6319.798836556219,6827.338509674818
1564.6540698797103,4587.096785356598,2436.9683756411155,6249.467946480207,6693.076028769771
1532.259207317844,4518.465626904583,2421.608700811014,6176.596301875827,6550.045583634701
1502.004096294485,4428.23032446976,2400.1803863089253,6088.688545683383,6396.474591289359
1476.325391015856,4321.7076397744,2366.8639390733447,5977.257833543751,6231.500468758302
1455.328076883194,4209.506793401188,2320.0865635986547,5840.922344071181,6057.008208556739
1436.1052110972144,4101.072638684667,2262.263387061372,5685.189513406602,5877.015675374746
1413.6534884885236,3999.3024391890203,2197.834867832937,5519.454071974026,5695.4406458674575
1383.1856527118698,3899.474332120215,2130.993671770792,5352.937160686035,5514.290738403
1342.6892260861698,3793.0539270664867,2064.3536323362164,5191.541218540582,5333.833167175923
1294.2492462976206,3673.959865697997,1998.9543556188028,5036.909318439602,5154.5976000452
1243.2546190757403,3543.393214311035,1935.0986346783445,4887.780108640282,4979.5018497263945
1195.8397426262597,3410.2469190653455,1873.1742799002639,4742.6053121702425,4814.171234062842
1156.0077656429169,3286.81723557,1813.922481040517,4601.846041596342,4664.815580034881
1124.1049288820338,3182.3656331241186,1758.2054015723688,4468.619573952299,4534.870587324955
1097.4769915814095,3098.319621589336,1706.6895958412313,4347.30653124767,4422.642252198788
1072.7565950585315,3027.853593587026,1659.7653542890328,4240.90100976097,4321.653517112137
1048.2095330472907,2959.956810955243,1617.6507917027486,4148.688271423645,4223.655771790074
1024.5950134061193,2885.5026681202658,1580.384648519247,4065.787401019185,4122.549222630729
1004.0592574182609,2801.8149552321247,1547.5433700511026,3985.131183850759,4016.926634772773
987.9621258890062,2713.3028089962786,1517.902775021986,3901.028683517943,3909.922024419359
975.2822819712949,2628.1514260251847,1489.5124936624154,3812.369716984118,3806.779073016416
962.8322728319715,2553.305287384801,1460.4537834867233,3723.497101218711,3711.85072744617
947.2165286010879,2490.756945208889,1429.981635453813,3641.9516161841625,3626.7931046601025
927.1847737198469,2437.116217453626,1399.2562060366495,3574.105505592389,3550.6416705273227
904.6807941948911,2386.34163384195,1370.9265058946633,3521.0888426200495,3481.137891707632
883.7397058738243,2333.690420579443,1347.5394151996952,3477.4676202178316,3416.058343973753
867.878970353338,2278.43477821855,1329.6727024442973,3433.687831122316,3353.7080147789093
857.7243488602039,2223.874843485091,1315.1267811572584,3381.1229227265094,3292.6945798748407
850.5247004746445,2174.92655779557,1300.00794403015,3316.946028588945,3231.7548415431156
841.960937777055,2134.9673514059255,1281.3009667986298,3246.025420372913,3170.235338834188
829.0824892906667,2103.890807621308,1259.3627353603874,3178.702657003462,3109.035708329106
812.397014503671,2078.4140816304853,1238.546090002714,3125.6948116701446,3051.1381316323113
795.6773546569551,2054.2564584002016,1225.1890874430862,3093.015600006473,3000.920203592944
783.5895779645846,2028.7528371465382,1223.9174034718376,3079.711893154958,2962.3039298791123
778.7373993502109,2002.3530934267967,1234.4852841017569,3079.433986938367,2936.7806211608868
780.1248665243402,1978.2454750920208,1251.2866931726294,3084.539880774415,2922.6524741632675
784.064063266125,1960.4771672996549,1266.1324811895947,3090.053278833579,2916.122204976311
786.8624818277119,1951.7503177467383,1272.8309581602052,3095.2016122010496,2913.606824035711
787.3938073212655,1952.1457751710593,1270.873786743936,3102.1142084303474,2913.783572761817
787.7586518205364,1959.4260059112796,1265.9874124702646,3113.260696281721,2918.085536258241
791.6231323718023,1970.700940852807,1267.2323707189,3129.9716214132054,2929.5395291560967
801.5178339306827,1984.5835596397233,1282.4907346050538,3153.384061309127,2951.1052331360374
817.1731687805925,2002.8002300952799,1315.1467012005592,3187.1023436664814,2985.036889480621
836.2518259239637,2030.5428810270912,1363.876526386842,3239.227921709327,3033.9062554176126
857.0679586998349,2075.424658990913,1425.3066272226904,3321.423553544741,3102.4245196172974
881.2895454142473,2145.4416910882155,1497.3370205827378,3444.463259498315,3198.2527177512693
914.3776784957139,2246.6512387949,1580.5203114684941,3612.1749672080477,3330.4323569340354
962.903963458793,2381.29151842232,1676.345304716475,3817.1720725377127,3505.7182659224704
1030.049258465223,2546.8472160630713,1783.6163715896785,4041.2119057490213,3724.8024938897684
1112.0706922917266,2736.224195847921,1895.7113140854908,4260.625729778209,3980.862868487385
1198.2517567544555,2938.8666751499363,2001.1708837423985,4454.44114033494,4261.565532808874
1274.8749980171615,3142.438269850944,2087.9440885927065,4611.276645805041,4553.390768620026
1331.2760632475588,3334.650404240182,2149.063842884703,4731.763114964587,4845.525501620478
1364.6378609399603,3504.9347353175926,2186.2922336989877,4825.709564776455,5130.834543818162
1380.80232243345,3645.8204050348686,2209.2713434805273,4905.986221474583,5403.543059225673
1390.6746383795883,3753.9649780484997,2230.393469525817,4982.544426381321,5655.806205032712
1404.354546096488,3830.73173103561,2258.2704732866446,5059.411900534289,5876.434474443702
1426.3656651442566,3882.0641192506037,2293.6023140665498,5135.440051720827,6053.715724743349
1454.5296260186174,3917.352320021405,2329.794648685803,5207.414347887692,6181.26092248314
1482.7185522919963,3947.1891414744305,2357.7639077105014,5273.151385631138,6263.155704205452
1505.4068749053683,3980.3955870561795,2371.8506543722583,5332.79894533495,6314.42521872527
1521.0635283159816,4021.252046983564,2373.226004726854,5388.098954216399,6355.4094065037425
1532.441107107872,4068.1366202118256,2368.9100246157373,5440.734593212168,6402.594052156889
1543.9668840341708,4114.446980663485,2367.3477174896334,5491.219952870578,6461.134175901666
1558.2795659846504,4151.763333877396,2373.562446628002,5539.065354640084,6523.757517999697
1574.327421830128,4174.078498125209,2386.9369383448666,5583.844429815707,6577.02437222968
1588.2095887979697,4181.187176744842,2402.7469094930266,5626.13968611085,6611.282250019039
1596.0184808857582,4179.489270252061,2416.0530117920493,5667.548735743199,6628.10622574606
1596.6387401264594,4179.5787005266075,2425.1309622010026,5709.72852342468,6640.363587474132
1592.5999213854402,4191.569827253418,2432.170231589594,5753.186588759075,6664.602948763119
1588.4847202994943,4220.34081693755,2441.0200536647967,5796.67438518917,6710.411354703467
1588.0533872821807,4263.046735616479,2453.8422300810967,5837.568880414681,6773.512506541663
1592.0388410298556,4310.207798244478,2469.2154971036975,5872.965398850559,6837.225677033137
1598.0174392351153,4349.910492855457,2483.102360077097,5900.842448699095,6881.735511200371
1602.3119008582323,4373.090562626665,2491.9741199405607,5920.783080524947,6895.67803750781
1602.5525726870455,4377.334021648469,2495.7879230459466,5934.126177319984,6882.975641046068
1599.1870661617222,4367.421539895549,2498.5379441515897,5943.693468569774,6860.681005305844
1595.0437858734683,4352.52524165589,2505.746411594702,5953.20914392025,6849.058802609153
1593.4006883481395,4341.643217281811,2520.400222579674,5966.365890081761,6859.8291066090005
1595.953567911455,4339.65004887756,2540.0228456939512,5985.529595499099,6889.527095135411
1602.0208045714799,4345.875661535852,2556.990000444623,6010.45440683787,6921.745257556716
1609.3809405584157,4355.705954528293,2562.212352264641,6037.828244096808,6936.68630812812
1616.0174518018466,4364.116524763102,2550.1919426395857,6062.464274191614,6922.278954348946
1621.5104671892564,4369.130712718936,2522.5497308044287,6080.181051742168,6880.538001421097
1627.1770026532981,4373.360663194939,2487.96636628414,6091.157759903373,6825.995130604237
1634.9938766767575,4382.88137979615,2458.520065432953,6101.656529675044,6777.743294133826
1646.1537162358818,4404.085245792451,2444.3864108061857,6122.336712336081,6750.01189255655
1660.2576122814094,4440.151844463436,2449.642410657344,6163.12639145727,6746.389879428276
1675.5985289098135,4488.89601616923,2471.1453144068378,6226.9236111153405,6760.107505837262
1690.1906974630351,4543.033670468204,2500.7166401420436,6305.78941381726,6779.147723443987
1702.7385166876784,4592.738408681807,2529.214731537917,6382.582431583969,6792.641693432253
1712.9068595470765,4629.324146351673,2550.3851285241317,6438.196815422453,6795.117192004112
1720.8656588398692,4648.435956630704,2562.8339005602184,6461.146903883223,6787.157725907908
1726.6393635882657,4651.417259645425,2569.6172166084184,6454.30388603182,6773.299857091238
1729.8776482639341,4644.367069840069,2576.063776532635,6434.585349426908,6759.121704962458
1730.2431428510392,4635.4046868183295,2587.0300918219264,6425.073334899967,6749.09945829471
1728.0421598340095,4631.383232697757,2604.7418154347083,6443.395967313571,6745.659292376271
1724.4690553303399,4635.445816876522,2627.9332737389504,6492.63264532687,6748.995187200659
1721.1069732440742,4646.364625645163,2652.4584650695583,6559.872547579524,6757.197460214966
1718.9278861596222,4659.772087655034,2673.0736505178947,6623.35057165674,6766.735117256273
1717.5014842814946,4670.5706318243165,2685.7193554336386,6664.206598178384,6773.613569281917
1715.078838076168,4675.3626805943195,2689.397289276798,6676.273380016129,6775.145284141609
1709.6567748290743,4673.855868962408,2686.7715117054777,6668.513609792864,6771.512959427699
1700.4314262968335,4668.776100710191,2683.0548846376587,6659.083769582885,6765.953147816884
1688.710755596955,4664.5460534172835,2683.5222219373304,6664.863584159355,6763.005652348811
1677.634627546576,4665.48971906344,2690.7858286579662,6692.722090013036,6765.622553602498
1670.7804970718098,4674.382766461075,2703.2849992146184,6737.3906699732315,6773.033213649427
1670.4340197026104,4691.823998624744,2715.953628872708,6786.564112677202,6781.120060641912
1676.515693119193,4716.4137536320295,2722.8793455888654,6829.469117986392,6785.501400840776
1686.746656161034,4745.39292697327,2720.574144755146,6863.330857520091,6785.483646809922
1697.8881417230748,4775.372317314574,2709.9997618633756,6893.923203603759,6786.023825508043
1707.2865064759565,4802.982600025138,2696.121724338778,6930.412504997419,6795.787785111677
1713.861393905765,4825.4678997817655,2685.204411907454,6978.324058869396,6821.91094547181
1718.097583951157,4841.242694973214,2681.439581719617,7035.385693089554,6864.547101979283
1721.2222648929958,4850.2469549201405,2684.9256343584116,7092.789791265254,6914.924772532105
1724.1637442544748,4853.781512710297,2692.1639050942235,7140.67755079636,6958.73334685823
1726.8798150580117,4853.623271006462,2698.625233072435,7173.923375200176,6983.277686290472
1728.3045034114048,4850.649741059155,2701.612498547955,7194.33966892426,6984.170857375885
1726.7778287667604,4843.696778416108,2701.4969303210487,7208.078447761353,6967.286132399765
1720.6465762748053,4829.529232718771,2700.560719769572,7220.379564034844,6944.511905592671
1708.7990365633761,4804.358859012711,2700.372361231696,7231.588546009093,6925.8427652656765
1691.067140997374,4766.426863357724,2699.696295834068,7237.36700504588,6912.879043505242
1668.5024446536781,4718.304871775785,2694.6268964630126,7232.978358155433,6898.101469919489
1643.4531792026112,4667.381159244761,2681.1049073849485,7218.560378668674,6870.634683435856
1619.2634632625807,4623.778386189958,2658.2410190639025,7201.438633745915,6824.907052830608
1599.4657979480871,4596.377185769703,2630.1347170515187,7193.398808817182,6766.489508551626
1586.6031688202556,4588.879773399119,2604.696138871018,7204.197464909991,6710.951368366433
1581.1473266065532,4598.097460451081,2589.869840750032,7235.2219737392015,6675.9236206707255
1581.1091026824606,4615.582344968258,2589.392198045749,7277.35830354077,6670.960785611948
1582.6918678135119,4631.858086048568,2600.6273006480337,7314.657920172767,6691.392635578559
1581.8028804800545,4640.927438684201,2615.8113073903023,7331.87128574502,6720.071790487761
1575.7261576346211,4642.46399525309,2625.95786707001,7321.559419832996,6736.15698115393
1564.1194732327347,4640.408873907072,2625.0776254876096,7286.766023115557,6725.819906734848
1548.8510674255438,4638.876194504457,2612.270072945137,7237.921052204286,6688.679469480967
1532.8358227928102,4637.999075657728,2590.6905928973038,7186.0536580333965,6636.467163896471
1518.5618154455922,4632.493404808386,2564.4073731514177,7136.437399389816,6585.137502090548
1507.0860357191075,4614.091978596462,2535.4197135702398,7086.307289341397,6545.386472539165
1497.8955262526792,4576.5418304012555,2502.819877299414,7027.6908658823595,6517.086937012927
1489.467360217874,4520.088657802232,2464.4958951613553,6953.338719017437,6490.36490370845
1480.011058303896,4452.465378297005,2419.9919508837934,6862.04604405213,6451.8790051856995
1467.9499313647111,4385.40314805473,2372.3596145825027,6760.219159219313,6391.996839248083
1452.0733033969807,4328.426814321987,2327.5391039964456,6658.870305470606,6308.625940773781
1431.6246492420769,4283.490325225627,2291.4917036238467,6567.854460285763,6206.098311047288
1406.5900071330047,4243.683848606621,2266.8203685524754,6490.590236841424,6090.770593745663
1378.1178482449184,4196.920006915777,2250.9747372550137,6422.054104888529,5966.740336963858
1348.6399373717538,4132.553034571606,2237.1470349947685,6350.936000280214,5834.371952869988
1321.2417177793823,4047.103873841768,2217.320283139018,6264.661738343927,5691.965902300895
1298.2734660571034,3945.77222887152,2185.706192470209,6154.690635467383,5538.694928873766
1279.8360433045507,3838.9337878065376,2140.7401930529254,6019.6313001827775,5376.365248527594
1263.1247653424418,3735.8253300695355,2084.8240552030356,5865.0245151685585,5208.827224202765
1243.3127508877587,3639.2799482705227,2022.3739114565872,5700.322569105419,5039.835086291639
1215.7817032915732,3544.6791981389792,1957.5594289092369,5534.803078737687,4871.312122822582
1178.5901836721873,3443.6760587263116,1892.9799712779898,5374.404292140949,4703.513488929072
1133.7494589850567,3330.3226570683996,1829.6691805161033,5220.778571354607,4536.945851427069
1086.4577450402185,3205.7933129603534,1767.9278617734603,5072.655776821178,4374.404611637435
1042.6321893507659,3078.784857700693,1708.1413678582157,4928.47706916082,4221.2798299239685
1006.1338853284005,2961.3223646119695,1651.0465089346694,4788.705521507745,4083.5214580505385
977.2963026402173,2862.4627791285297,1597.5004042681962,4656.476918840006,3964.420546105309
953.5586346687373,2783.6015031333727,1548.1656127606896,4536.198264468257,3862.3519658294263
931.6722982813134,2718.0626025246393,1503.429914730568,4430.881411124198,3771.106923494702
909.9641347051045,2655.0773045298206,1463.5098373441006,4339.806298011137,3682.779219898558
889.1661239497289,2585.719589657191,1428.443495216068,4258.060766713348,3591.5222651381414
871.3480815174423,2507.371785523953,1397.8092011046558,4178.532768358661,3495.986597814928
857.8212579214834,2424.3454129965007,1370.3889663127104,4095.495119190706,3399.1746070325066
847.6000777610728,2344.6447373499377,1344.2425369049909,4007.8299190770254,3306.1101475138958
837.6096981120255,2275.060546245904,1317.4611081355974,3919.906220675294,3220.963260611805
824.5746508896643,2217.5408003036346,1289.3032482443718,3839.310951196948,3145.319548369658
807.2887661759564,2168.7694137039634,1260.922369968926,3772.455235779766,3078.253334061332
787.6266271667467,2122.837536252727,1234.9526710814273,3720.4754147810136,3017.599044766248
769.4798422959703,2075.1064345526697,1213.9267616882978,3677.902915684325,2961.2248518293636
756.2406030620658,2024.8638097640107,1198.4187912762911,3635.123550403669,2907.505349556741
748.5119730069496,1975.3364055726277,1186.2405835016282,3583.456381787555,2855.1052391480534
743.6400483910528,1931.3310520166451,1173.5190082127501,3520.0562685492973,2802.8130087482627
737.4587864167157,1896.1499589484258,1157.2546574358812,3449.821102569481,2750.001427196055
727.1221729875444,1869.6883591037586,1137.8019690551341,3383.156124947213,2697.5313852691943
713.1195899177906,1848.7351972626118,1119.4896896211371,3330.844432401763,2648.259083555893
699.0894786001783,1829.103624898578,1108.6210211444666,3298.9365105483002,2606.3775495248497
689.5316050648602,1808.1867696758,1109.7960461079992,3286.472673486287,2575.643088202013
686.9565872411619,1786.4239441713914,1122.7697889418641,3287.0631100614264,2557.4829647990323
690.4033761457409,1766.9323110437592,1141.9660162498187,3293.0176987836685,2550.268922558481
696.3148092513611,1753.668937709935,1159.23936991278,3299.328628648663,2550.3613264321716
701.1294253806376,1749.2755230049393,1168.4311330268088,3305.217983566878,2554.3260303966294
703.7607015549008,1753.8303730479483,1169.035156524359,3312.8278101886835,2560.8944729545924
706.2341391515087,1765.1446647407072,1166.7462968591985,3324.6425885827493,2571.438354842197
712.0848938781015,1780.3914940052018,1170.5754295776574,3342.0006479522935,2588.856136728159
723.7529274495492,1798.213795680773,1188.3613389002724,3366.0456634306706,2615.981814762497
740.9777550984958,1820.2990359198607,1223.4692876275199,3400.4039196152235,2654.9734260456826
761.5049029823821,1851.7235407362314,1274.5820947555471,3453.226804137304,2708.2930718894318
783.7082105853508,1899.9312026429188,1338.3438419662784,3536.249162637528,2780.452249391425
809.1957623642329,1972.7403102764185,1412.6653084058435,3660.311584232949,2878.788068894394
843.2333543480754,2076.073088146226,1498.0954864206603,3829.2653892973226,3011.95968771862
892.1574683067013,2212.117172809544,1596.1144905879803,4035.677663842342,3186.4353193147317
959.0346533228045,2378.411883270714,1705.532541988512,4261.19196913581,3402.8751451816993
1040.2548495928982,2568.0191417601623,1819.7626945324378,4481.992109193088,3654.741330667609
1125.4835698758725,2770.6159839035845,1927.4071647674568,4676.975026541441,3930.21672154513
1201.4929726226476,2974.1384259898405,2016.4796380562677,4834.688233297977,4216.348845916876
1257.9997031120924,3166.5693976953407,2080.0501607756783,4955.766296456314,4502.7785314503935
1292.2875590065278,3337.574108181596,2119.870646233323,5050.078994605389,4782.670059033533
1309.989881812051,3479.846747341102,2145.5302907852606,5130.576350733065,5050.491080322903
1321.621998123267,3590.1185203640557,2169.3535887001067,5207.2713699912665,5298.726798158604
1336.9222065629833,3669.722069531367,2199.905076041991,5284.216635998717,5516.659192923475
1360.2518383665063,3724.4686436023785,2237.880262396624,5360.256269464898,5693.070212193046
1389.509926274653,3763.53969819099,2276.7198911235923,5432.155636159222,5821.840879408464
1418.7874545794955,3797.2925162754877,2307.3889759899844,5497.717661988939,5906.8850841982585
1442.7563683594433,3834.3517310454176,2324.25810653666,5557.090964242304,5962.594150724609
1459.9402530274947,3878.9019748449946,2328.491398201716,5612.028232565049,6008.4489929953525
1472.992954667637,3929.356492803852,2327.070204118207,5664.223064660315,6060.238189706478
1486.182893486436,3979.258651884127,2328.3930823164824,5714.192724313457,6122.897563886223
1502.0538723808233,4020.3747790084494,2337.4554938655665,5761.4444913248,6189.460719879273
1519.5914671609821,4046.8303697969363,2353.6428411768256,5805.549370496557,6247.054961409047
1535.0343289601467,4058.4240694825075,2372.2557857565516,5847.093531554044,6286.435299151936
1544.614768159999,4061.413047771585,2388.381093242126,5887.684574715985,6309.109774639353
1547.2572879925124,4066.1552606858277,2400.3031639587302,5928.989820893576,6327.400677783748
1545.4005452833758,4082.5396084489917,2410.198929571875,5971.520066573482,6357.1551485950795
1543.462552097161,4115.334986983511,2421.8960816888,6014.019136579122,6407.55273222352
1545.0682425980729,4161.75872862989,2437.5440280797975,6053.847856694117,6474.4963814954235
1550.9238070271538,4212.540799733374,2455.7285420118073,6088.083684396287,6542.01042061436
1558.6922400716435,4256.031662767188,2472.4333568897096,6114.692769798351,6591.11823911038
1564.8280311479896,4283.367860226174,2484.148245974371,6133.255792228824,6610.937306589624
1567.0464360289952,4292.188472476011,2490.829924205936,6145.120187462217,6605.223763347111
1565.7787857313085,4287.16728355673,2496.450238121328,6153.125464484219,6590.306869220927
1563.7515832270378,4277.271799970251,2506.500796869535,6161.019213597864,6585.590735452839
1564.1246157315632,4271.299240304633,2523.951628597473,6172.51734361835,6602.296548130588
1568.5323125545976,4274.014928173993,2546.3389702629966,6190.0007450554285,6637.104737296474
1576.317180905187,4284.762835710808,2566.0792403743626,6213.222371484348,6674.3029070076755
1585.3373418939377,4299.030689894042,2574.13175980421,6238.849936737282,6694.933724167492
1593.6485549693305,4311.905112502393,2565.0277501295577,6261.66478848094,6687.4385310456355
1600.8458100023936,4321.452694391962,2540.3787324938476,6277.459928752709,6653.746611320868
1608.1984382621874,4330.226693397311,2508.817614499549,6286.41607881059,6607.771809784346
1617.611756753979,4344.166082298076,2482.356430629335,6294.834682235255,6567.794518099
1630.2350840701474,4369.520063647843,2471.1148987700103,6313.441706940021,6547.437550123902
1645.6835341157043,4409.396518117498,2479.1472511431825,6352.2273234913455,6550.135406039055
1662.3112783066504,4461.658058137627,2503.3271404399698,6414.108045371971,6569.404691132693
1678.2038729365001,4519.182009990367,2535.5198224689725,6491.096152111036,6593.738509760178
1692.112219101282,4572.360150121174,2566.6326160911494,6565.944437483397,6612.729882066909
1703.7130848085224,4612.699292120682,2590.4443779880935,6619.429062599755,6621.1390595329785
1713.1700844770232,4635.940980871818,2605.568122847155,6639.9936969357395,6619.524208819896
1720.506598382613,4643.39812542275,2615.042816160626,6630.52796807007,6612.228000084106
1725.384768505307,4641.033170607468,2624.1676210669275,6608.055064433021,6604.590025123366
1727.479240694721,4636.783709110711,2637.7720754798534,6595.800871960405,6600.894682460814
1727.0851035829794,4637.349290924172,2658.069140680876,6611.503520458993,6603.463620441508
1725.3533898011847,4645.802129776657,2683.7994071172543,6658.262161762219,6612.481461125041
1723.8098266203008,4660.941003632931,2710.8387798638505,6723.086553579033,6626.118986374942
1723.3910140349349,4678.495021060084,2733.9713947869527,6784.077282474389,6640.995020957439
1723.6819522764686,4693.479649121433,2749.1592321273697,6822.257977480895,6653.28479194234
1722.996741699108,4702.572474810379,2755.4088447696918,6831.4239025909765,6660.414941244012
1719.4045063651115,4705.4870214086295,2755.36925730708,6820.594121889411,6662.559793904098
1712.130345588785,4704.887692580781,2754.2244608291553,6808.038514133572,6662.816949635842
1702.434771280592,4705.097738665365,2757.2200636660923,6810.742280305097,6665.531363242762
1693.3438187544957,4710.343872856614,2766.953625062441,6835.617852963332,6673.52798168441
1688.3051536390433,4723.33902072332,2781.872358805107,6877.364754637363,6686.068223554561
1689.521316530459,4744.667848517394,2796.937123653606,6923.60230352695,6699.209912668365
1696.9153199147847,4772.961215094278,2806.267117660808,6963.491256323149,6708.758284693031
1708.2905451903189,4805.5209465421,2806.392751206198,6994.2404604229505,6714.048931923382
1720.5253577918966,4839.032901781119,2798.2700170858966,7021.660483138992,6719.825984179309
1731.0621494062302,4870.202425327416,2786.836960049047,7054.9754090720435,6734.383185096433
1738.8596291440247,4896.33464682058,2778.3234253993323,7099.745703793185,6764.549038792836
1744.3848971241482,4915.878920026205,2776.897896148723,7153.686034656332,6810.469500781185
1748.8205041790318,4928.77599621079,2782.65773798614,7207.935129089672,6863.748154527571
1753.0609298197023,4936.29705348625,2792.1227988441497,7252.574035415057,6910.687619998196
1757.0653500931885,4940.178676500833,2800.788039264868,7282.4463699631215,6939.137389177741
1759.8063637028838,4941.278167853103,2805.970519632991,7299.376770403229,6944.899078040606
1759.6841861720452,4938.456865690917,2808.0389892460994,7309.556392477765,6933.594054326054
1755.1056181410556,4928.551486157887,2809.2627854267766,7318.258581175629,6916.600084962253
1744.9993482224177,4907.85808653447,2811.201432533985,7325.832032632543,6903.481927552519
1729.2034429975683,4874.656791292243,2812.62564448371,7327.912511371339,6895.770456712654
1708.731250256299,4831.461193711315,2809.6505846953482,7319.7351361052715,6886.2690480809915
1685.8455930094678,4785.493618315491,2798.238634545366,7301.4396015971015,6864.569752900561
1663.7688644439286,4746.649422259621,2777.5049079601367,7280.397943819306,6825.34071330857
1645.9048657280186,4723.6096315318855,2751.5262129722573,7268.469953976445,6773.913340867061
1634.7037784012607,4719.992786016918,2728.16930624845,7275.473724630803,6725.186687700494
1630.6198783608572,4732.680925885052,2715.335178662373,7302.80630803665,6696.031899425223
1631.7361395068772,4753.414825350206,2716.7395138052516,7341.298303498873,6695.590696098848
1634.3939998767778,4772.930003926289,2729.76034996064,7374.90348800587,6719.39256095529
1634.649719891529,4785.36320349984,2746.675677691248,7388.278990266126,6751.027920461966
1629.886292170939,4790.394914564341,2758.5476382631105,7373.940901885464,6770.553487896227
1619.774027736116,4791.877443055172,2759.4190960269398,7334.9529413582195,6764.737553617707
1606.1131105921595,4793.832169304843,2748.3941117947156,7281.810836118841,6733.21616432488
1591.7121245513842,4796.388748547642,2728.610601625047,7225.613214934421,6687.215242733256
1578.9683162985475,4794.381181400458,2704.114330763471,7171.667463499777,6642.0008276503495
1568.8999872910679,4779.7274154372035,2676.893430621196,7117.1926400910015,6607.806706030165
1561.012766974169,4746.314543945996,2646.0448089426454,7054.168088292552,6584.510521068469
1553.8392166465944,4694.382515097525,2609.4676991750994,6975.30069509421,6562.664240582749
1545.6541778586586,4631.490375960069,2566.7084947752087,6879.379394949587,6529.502852230422
1534.9385428669577,4569.105518148876,2520.8019151480353,6772.851378532194,6475.810657376538
1520.5259053094067,4516.538428187951,2477.6556277235445,6666.798274779588,6399.586319311712
1501.6874595125603,4475.69865555086,2443.1982575935317,6571.137276499144,6304.975160591845
1478.4098475503697,4439.831114030957,2420.018368263627,6489.309356860628,6198.059321425104
1451.7996399001574,4397.119632313761,2405.579239467187,6416.261081035669,6082.759321851769
1424.1997212453216,4337.157428462366,2393.1099036543465,6340.613571196052,5959.423994872902
1398.5826520076623,4256.543481876125,2374.636781790378,6249.716018024404,5826.427615257642
1377.2126207628546,4160.360465567986,2344.4028798629693,6134.976095873124,5682.979050955187
1360.1866612468748,4058.75058266468,2300.8519656924454,5994.99503455681,5530.806567141611
1344.8026518931283,3960.7426062594673,2246.372585445127,5835.349147281059,5373.593877395736
1326.4104463910405,3869.1055462427157,2185.3566991009434,5665.550457054254,5214.93254531507
1300.5610258755135,3779.3244857495574,2121.9511489799397,5494.935224432533,5056.662434869968
1265.3843151907497,3683.239902362457,2058.7410233334485,5329.479664711686,4899.02757414916
1222.8181422328294,3575.037557907169,1996.7542146825201,5170.847577135664,4742.5125868141895
1177.8703714013238,3455.865195745508,1936.2897754883827,5017.762171921905,4589.791446591162
1136.2412444763852,3334.223722297761,1877.7308562789522,4868.656172839031,4446.019964769062
1101.6501510791118,3221.867238780119,1821.8101631158138,4723.996726763594,4316.889251121709
1074.4181477705615,3127.6483974106295,1769.3800668085646,4586.940227087014,4205.546764174008
1052.0782262572793,3052.9307423476794,1721.0994463409772,4461.922144563324,4110.437332556001
1031.500949374267,2991.188283194897,1677.353907471806,4351.974160115693,4025.6215317404617
1011.0745823826397,2931.894502856329,1638.3587450392915,4256.3729466780205,3943.5367021497223
991.5042599447128,2866.3242778826,1604.1518227657739,4170.177142871708,3858.590608825233
974.7837801554914,2791.9188029501706,1574.3137153457842,4086.2318890911056,3769.4927374433673
962.1761774519974,2712.89233247406,1547.6330406518098,3998.7757604003646,3679.11504592456
952.7320377081127,2637.0685689486977,1522.1800937360233,3906.6851272590347,3592.262779395719
943.489533308148,2571.084994560778,1496.0564599212955,3814.357246758725,3512.924312069035
931.2937088348456,2516.8453857361324,1468.524756120399,3729.4271427462095,3442.615990395893
914.9829161837874,2471.1081790363805,1440.7321414996627,3658.346750552599,3380.4522743935745
896.3629571768581,2428.0975895953175,1415.2985098249794,3602.260585613662,3324.361850916509
879.1823593820651,2383.2793884677194,1394.7427285739175,3555.6673961566344,3272.3058056904733
866.7084757057021,2335.9572600601628,1379.6358739524885,3508.894677007536,3222.729677591637
859.5221084045353,2289.2850561788227,1367.8017437191536,3453.2089472424577,3174.356549465632
855.0670320934153,2247.9610151051893,1355.3883668400852,3385.7486078450875,3126.027969771829
849.3306944031717,2215.212664019183,1339.4127513935507,3311.442963614995,3077.144329073542
839.5720889310967,2190.9374408697886,1320.2275046476836,3240.762705502858,3028.5291814452385
826.2627745362506,2171.996653714903,1302.1379142412843,3184.5586958632493,2982.91417230321
812.907251784021,2154.2979119405777,1291.4129795536294,3148.919906203883,2944.309203819273
803.8394476619281,2135.293180546479,1292.6278588449143,3132.8817825340734,2916.30633819211
801.4773503089906,2115.4118354185925,1305.5390408422918,3130.0160682222954,2900.270268297874
804.8952851311923,2097.7005974143835,1324.6007973908818,3132.5861542860775,2894.6437717827466
810.6673181836533,2086.0270765895775,1341.7122806137475,3135.5543193001654,2895.94636472602
815.3635133951994,2082.973200123961,1350.748481675752,3138.1388755386083,2900.8942607114873
817.937621758518,2088.6154252201923,1351.2061906870606,3142.496134391938,2908.2746247644664
820.3405194361678,2100.8143494855817,1348.7494416117736,3151.126942585854,2919.399315586436
825.9768895537411,2116.8069601685334,1352.3402321415763,3165.3788972251045,2937.0399945674085
837.1965624743973,2135.2668895281954,1369.7748548038667,3186.4037240136277,2963.906538897617
853.7486512814289,2157.843460008344,1404.4004502199184,3217.851085324891,3002.0623594561825
873.4620171189114,2189.4981683507435,1454.9072273274196,3267.923691621533,3053.8614905369836
894.7706861837768,2237.5064418240695,1517.9577736112872,3348.429831434565,3123.6173369324215
919.2233522834161,2309.5095344774186,1591.4744858640377,3470.2779845323876,3218.3446928547487
951.8910207319453,2411.2954525003156,1676.0036129520174,3637.3441517762344,3346.321984319344
998.8755576180541,2545.0020859731953,1773.0174620301934,3842.1503626378208,3513.732436917182
1063.1297132658879,2708.2242345118902,1881.3330002021287,4066.227627857151,3721.2060003895062
1141.1767517596336,2894.1807403542484,1994.3994425640656,4285.613475682386,3962.490821694834
1223.0647211232138,3092.7823328573163,2100.8813925408667,4479.075342403478,4226.288100209284
1296.0559083364865,3292.2383179987823,2188.8581472801256,4635.090854804799,4500.214268395971
1350.2484748043523,3480.80403369438,2251.4378319998377,4754.299352468097,4774.3657205857235
1383.0276268193127,3648.3791568210413,2290.3631446490917,4846.63241263396,5042.207876538734
1399.8186370546719,3787.823853881239,2315.1713656303396,4925.120854733749,5298.452551274843
1410.747490362642,3895.9439119809476,2338.1201675695643,4999.84030972423,5535.916674115167
1425.191570117934,3974.0422923029846,2367.7277534434393,5074.8691472789815,5744.355397046819
1447.3504437886183,4027.7990028807353,2404.6861861463144,5149.045086213831,5913.046446971328
1475.201071830657,4066.1877550109525,2442.472308974161,5219.114236370062,6036.14259645313
1503.0538254521016,4099.3312953701225,2472.100742210407,5282.866659806963,6117.38768292621
1525.7786907974908,4135.658887076294,2487.9731348537503,5340.45257825546,6170.540903378645
1541.9544316757124,4179.260415746683,2491.247644215454,5393.6361714406785,6214.225844593441
1554.1366734787653,4228.5852944359285,2488.867962264323,5444.1221412812165,6263.535579851281
1566.4355119435415,4277.323615320378,2489.1872619367914,5492.431571982681,6323.1884364101015
1581.3003742238188,4317.428869065284,2497.1741708030377,5538.069308235624,6386.525584586311
1597.7546712609324,4343.160280663161,2512.217844145423,5580.604293903679,6441.243039598606
1612.1770962050168,4354.321498919646,2529.6449726607643,5620.626885286242,6478.505012493252
1620.9403836758352,4357.028033616038,2544.5695278802937,5659.755153857818,6499.75421194242
1623.0094255435877,4361.402954692495,2555.2856924748085,5699.6672383420555,6516.769628038341
1620.7325075510405,4377.110791381175,2563.958964657472,5740.877592135548,6544.698623544759
1618.3634844899852,4408.8122658432185,2574.3966060902985,5782.12276959678,6592.3149374885425
1619.392499811751,4453.788081499435,2588.7367487903007,5820.74777057304,6655.702464860664
1624.4995399395777,4502.979068701094,2605.573326925251,5853.812459571492,6719.5922686133645
1631.434760189325,4545.000784426271,2620.9124311925634,5879.270860232917,6765.848166050504
1636.7849428887916,4571.191697556388,2631.2634413626715,5896.701469778544,6784.070746611672
1638.3507740048608,4579.245088737848,2636.5837798610314,5907.460423453253,6777.851579700854
1636.5478239378815,4573.728996570526,2640.8241081806214,5914.405113808935,6762.79816996919
1634.0012123437493,4563.407456513484,2649.4465634135713,5921.306593212997,6757.455730295328
1633.7530737516145,4556.877967942728,2665.4054553485466,5931.904011208582,6772.54821548963
1637.3769873587532,4558.797754199498,2686.250943324295,5948.593236319458,6804.902957487973
1644.2401005795598,4568.525997949347,2704.4413016737813,5971.125962108199,6839.504317426459
1652.2806244028936,4581.653422300697,2710.9856661234417,5996.149586564807,6858.236549682863
1659.6271106805725,4593.378847005209,2700.445599901256,6018.413485591587,6850.055257992264
1665.889916901498,4601.813290718629,2674.424349482956,6033.684913363692,6816.805822771487
1672.2911939667677,4609.452305792149,2641.508245392401,6042.145891240933,6771.785861653251
1680.665259221537,4622.100019346259,2613.6443062254084,6050.136894631569,6732.464805573178
1692.1186220890634,4645.863641769815,2600.8975519610876,6068.450184730516,6711.8604719380455
1706.2809159673498,4683.78054277486,2607.3006059118793,6107.13765317676,6713.254487466911
1721.5680133226847,4733.762301334281,2629.744691253578,6169.133874510293,6730.451381028551
1736.1372861686982,4788.848857245633,2660.139968355122,6246.40191441272,6752.455967993759
1748.7866257243993,4839.651361129346,2689.443897511176,6321.588235495688,6769.324674425332
1759.2051796735423,4877.870725498262,2711.4698173867323,6375.350473922178,6776.051762227597
1767.5507253957499,4899.3461692107585,2724.838851673746,6396.061052931234,6773.171580875063
1773.8460524576594,4905.36129385475,2732.5739245612467,6386.627419850556,6764.83441917753
1777.7662448692859,4901.743178982691,2739.9458224521413,6364.1777034361785,6756.142838647579
1778.9984353662978,4896.248915446772,2751.758267371477,6352.080932998185,6751.190931763727
1777.8269560248973,4895.425686279467,2770.212683704059,6368.184500097264,6752.197290266011
1775.3599795522994,4902.276014775449,2794.0570777848643,6415.606525784084,6759.3386347046235
1773.0662762506422,4915.626475309847,2819.190409593667,6481.276521883242,6770.867653249611
1771.847529265017,4931.3040606059385,2840.425834314627,6543.159898742591,6783.554416923528
1771.3045004927753,4944.438478982406,2853.747927350057,6582.16312826667,6793.7453809902545
1769.8147676768351,4951.783683865711,2858.169220814913,6592.043040054773,6798.982758176461
1765.5201948947647,4953.060287070392,2856.3248352141513,6581.874084494319,6799.433881915539
1757.6752879179958,4950.872390515092,2853.3710166040696,6570.038512512856,6798.0587638885745
1747.4935419253704,4949.445013471303,2854.5252880938965,6573.625937795665,6799.008859187717
1737.8875926704973,4952.90878398583,2862.371577556267,6599.591086682598,6804.983313004261
1732.1757418007016,4963.915075213345,2875.366126441963,6642.600480829599,6815.276915311119
1732.4778356272316,4983.035604379814,2888.497858783306,6690.196789381883,6826.124183133744
1738.7198172906444,5008.932935450272,2895.918637710305,6731.473609697353,6833.518561592147
1748.7877217466191,5038.971005747011,2894.1783763957956,6763.622211496606,6836.826084871817
1759.677453009389,5069.91191106703,2884.2284052642217,6792.488566808093,6840.579229677837
1768.92783880871,5098.536837402308,2870.980358953698,6827.353169354742,6852.700860784348
1775.537049797259,5122.213087127598,2860.6306127909415,6873.810290424671,6879.713773580417
1779.9548970200071,5139.426052302705,2857.3254316962475,6929.560038664731,6921.757271916804
1783.3196793548607,5150.118423873843,2861.162193762215,6985.6860518863705,6970.8111737201125
1786.4924284833412,5155.532877360412,2868.6802978932556,7032.207761423469,7013.7924789576955
1789.4340782430882,5157.366825946038,2875.3998549450403,7063.936494178561,7039.096440209462
1791.1561692503956,5156.458504251873,2878.6531247816974,7082.707585235052,7042.714333204455
1790.1194768941893,5151.695867389034,2878.8073865776228,7094.749761242564,7030.016711303711
1784.7911754954296,5139.988625829053,2878.1201227888846,7105.368258153921,7011.871784132719
1774.1407041851764,5117.718260115611,2878.142876470999,7114.913306122649,6997.415528166591
1758.0126115841904,5083.204927097757,2877.653612205957,7118.993157325285,6988.110389489561
1737.3823792127823,5038.905293888539,2872.789250756151,7112.81293563162,6977.083397920237
1714.427756666763,4991.876833660597,2859.534766083015,7096.512530167181,6954.395004233154
1692.249740974588,4951.788691393793,2837.010639413586,7077.508688662277,6914.954089949275
1674.1237567531068,4927.123369006383,2809.2719332288616,7067.733521697347,6863.853492543991
1662.4074988795935,4921.416805531868,2784.1429431559663,7077.064838132854,6815.3229218476745
1657.538079737594,4931.622836010347,2769.482002090743,7106.907527338179,6785.4745824149095
1657.6709209807664,4949.671968081958,2768.9849965925396,7148.034948738804,6783.038274254318
1659.2858270074648,4966.512629785083,2780.044795165457,7184.3012924221,6803.744049665585
1658.5883530695935,4976.4165886832225,2794.982088718704,7200.268429356881,6831.920977868564
1653.060754124969,4979.072262642164,2804.9083662701887,7188.405573144333,6848.524568852626
1642.3861586685996,4978.244164776551,2803.8995522927457,7151.794485008015,6840.920496146377
1628.296968648835,4977.861945281958,2791.0651058473322,7100.99466362425,6808.76272068677
1613.4957368396501,4978.052795156274,2769.526289193844,7047.172192242598,6762.7723407466
1600.2891419011278,4973.769816845741,2743.307244352892,6995.666237199373,6717.527646914953
1589.65705135068,4957.1170868292675,2714.3857190215112,6943.67783309285,6682.800927091196
1581.1239299525748,4922.1227253324605,2681.864035509285,6883.136038542278,6658.475285797554
1573.2780691940939,4869.021887133557,2643.6533849926846,6806.701926069376,6635.529307888162
1564.459867015788,4805.200693455916,2599.303110494215,6713.156037337979,6601.774970798966
1553.20802610067,4741.863704415996,2551.8318051656947,6608.98428382784,6548.413891411148
1538.4006322276882,4688.107967331011,2507.115295186881,6505.335512270059,6473.53645083442
1519.3368151089621,4645.799542427531,2471.050239404026,6412.186942067561,6381.101859397726
1496.004029967321,4608.338986826808,2446.211487030991,6332.999700255917,6276.91829756311
1469.4671493461726,4564.182220613872,2430.0766202960185,6262.688224797153,6164.729778586362
1441.9803739130946,4503.162318131877,2415.912123759138,6189.8025853617855,6044.870054503807
1416.4035706777008,4421.957155780165,2395.7884464422996,6101.613093844269,5915.787689409213
1394.9150231183476,4325.533222882706,2363.9805015442003,5989.473514339071,5776.728128802688
1377.6081137365213,4223.800071608345,2318.940989759791,5851.975415606266,5629.342117000645
1361.8834531102227,4125.579289747391,2263.045811344079,5694.7283460429535,5477.147125636866
1343.2677927941286,4033.57661244591,2200.6633150788684,5527.301755944883,5323.572436681944
1317.4815478903126,3943.381444478992,2135.9180625378954,5359.088230728335,5170.374852194531
1282.7261564625385,3847.0225426032,2071.3813932348708,5196.09962330556,5017.787612857632
1240.8661502803586,3738.8200706146067,2008.0759597416316,5040.0088311140125,4866.273616811448
1196.7191784913148,3619.8959484582924,1946.2995535971127,4889.530065616118,4718.385705011686
1155.7687066382632,3498.555896647204,1886.4335971622568,4743.085256881449,4579.045712217276
1121.5925435136144,3386.2837694749674,1829.2071489377922,4601.143261619607,4453.68615697111
1094.499448761869,3291.7286364423358,1775.4682697470994,4466.878710548164,4345.311134367154
1072.1163220044666,3216.2228802604686,1725.8725792627708,4344.753164981106,4252.435636307431
1051.4329750206605,3153.3911359930694,1680.803911225118,4237.815752076975,4169.389791879067
1030.8991934807939,3092.9498093925727,1640.4767126478255,4145.33749229512,4088.9546438724965
1011.1933564293496,3026.3753253565224,1604.9289625200438,4062.345431335236,4005.7924531103286
994.2333277832538,2951.168383309548,1573.7438455017088,3981.6395064879025,3918.671771968938
981.2340024965466,2871.446593722098,1545.7169156082678,3897.421657047442,3830.334225092767
971.2821978008318,2794.8537039234784,1518.9293281201471,3808.560128491888,3745.3665248472853
961.5291649694834,2727.8744831710605,1491.493351246944,3719.4779865649616,3667.575434065754
948.9405183272329,2672.3691009474637,1462.6759248577443,3637.855956306984,3598.4080783224404
932.3991821898155,2625.1710781967267,1433.61821029436,3570.184389138967,3537.0190683254177
913.6422211552267,2580.638242025531,1406.9260345283808,3517.6135836061976,3481.4313440633487
896.2751197078759,2534.341399237269,1385.1047410327842,3474.607219675392,3429.6988786390098
883.4404235309743,2485.600733212962,1368.7225327270166,3431.432089724931,3380.338108114381
875.6966986438065,2437.4977041250795,1355.6153628409886,3379.2997882432564,3332.1304296593858
870.5854167378326,2394.6224431412265,1341.95258219554,3315.329883023829,3283.970364781978
864.2475283200919,2360.1282637465365,1324.7677590221617,3244.4807223959583,3235.285818875575
854.047040905253,2333.915262442143,1304.4117954431185,3177.286084788883,3186.8628830018865
840.4376904203358,2312.917548137377,1285.1666270226788,3124.66224346418,3141.308501808834
826.79003045741,2293.137609956877,1273.2671387313155,3092.734309608072,3102.4492875655665
817.272136711297,2272.0866562635288,1273.263634244753,3080.5305242568966,3073.712876217189
814.2093492061258,2250.184516491624,1284.9141176648557,3081.5818585260586,3056.4011863932487
816.7113434038357,2230.4078440848048,1302.7033986535553,3088.1029000474864,3049.027809845687
821.4833836228624,2216.5351502952526,1318.5751536414195,3095.023712741323,3048.2711754254265
825.2270226386092,2211.088933313238,1326.438077476117,3101.5565454019807,3050.997600135286
826.9362433066086,2214.1441283001495,1325.7918767026647,3109.8696956543463,3056.0497017416074
828.4872486110573,2223.6110644984574,1322.269721700133,3122.4781122371246,3064.6792058094065
833.1541953613603,2236.7909155829366,1324.7846729723399,3140.736410338854,3079.5306662815055
843.1967231376084,2252.388290510476,1341.0904537824495,3165.802131899178,3103.189516428763
858.3734777815217,2272.014631462661,1374.5159869521046,3201.346099057699,3137.624199467854
876.596584675241,2300.516853463946,1423.7587575917016,3255.6201439989036,3185.0803248739667
896.360180477632,2345.0021503654366,1485.4997273571555,3340.5038148788626,3249.6728314619204
919.1534866184171,2412.9349577352027,1557.6727612392574,3466.97131744681,3338.09380801225
949.8526305002083,2509.969263707786,1640.8211972968015,3638.921187428543,3458.2405443966
994.3247699725091,2638.1933964678637,1736.40935031612,3848.8282721323308,3616.0108584338623
1055.408758830937,2795.2578054233245,1843.2607311002182,4078.1089271617407,3812.004033715055
1129.761081838227,2974.538405855786,1954.8604958365408,4302.652321058379,4040.25374923784
1207.812214102316,3166.1797588380114,2059.935397743364,4501.094322724722,4289.979094840831
1277.3144578429205,3358.664582552756,2146.6300914907547,4661.840635178776,4549.3649304079245
1328.7473720489115,3540.5207296070025,2208.090509519668,4785.533355138436,4808.96272554776
1359.5974483680723,3701.8824363250774,2246.04984621058,4882.16386771641,5062.538535147311
1375.0817623780601,3835.775922121626,2269.993160930067,4964.841822796157,5305.047820812393
1384.9368240679037,3939.0816167017842,2292.1109829225156,5043.703536358891,5529.6387082465
1398.1789637373677,4013.072846127772,2320.8748439284896,5122.851249838372,5726.538979399406
1418.845842578864,4063.298408443555,2356.973005731341,5201.11439261931,5885.52158678567
1444.9922015880468,4098.524286272281,2393.918040886101,5275.217958342686,6001.010486250463
1471.1476472450533,4128.638690891177,2422.773789671408,5342.937313270551,6076.5788864483975
1492.3800506636783,4161.875501418237,2437.9725581893945,5404.422480295481,6125.353269438822
1507.3231934966334,4202.229828001513,2440.66612762156,5461.447355108024,6165.099296273173
1518.4343156661828,4248.187208414093,2437.7600953849596,5515.725999857656,6210.213926207122
1529.6650194133572,4293.584402316081,2437.5618006543136,5567.781605624707,6265.197372146911
1543.3701829492295,4330.561991885024,2445.012573826948,5617.11489947187,6323.697742037397
1558.6108751102922,4353.512845133682,2459.504844472114,5663.291113573503,6373.979125172976
1571.9056498573616,4362.245513879186,2476.3908393304905,5706.903172316315,6407.614286628414
1579.7674808796694,4362.733733353522,2490.8112281529343,5749.578032575505,6425.979947147935
1581.2014597533373,4364.865558952779,2501.0694541063226,5793.003098482941,6440.311133885541
1578.465308433701,4378.081006633248,2509.3190460933465,5837.694961803081,6465.054761350038
1575.6485280850384,4406.932468856034,2519.3462861295143,5882.381422101207,6508.578083818778
1576.1062715175308,4448.763850728074,2533.277467267353,5924.390203984194,6567.145252798593
1580.4921179253442,4494.726663874901,2549.7141080125293,5960.762165025765,6626.193377524873
1586.6431764160602,4533.701363679964,2564.6840666350936,5989.437824157916,6668.426003986414
1591.278312097864,4557.228136406219,2574.7157269014683,6009.992154709194,6683.926136492844
1592.2834277512175,4563.054240989016,2579.7666035373386,6023.7886863138365,6676.120062737794
1590.0581166246789,4555.641735787329,2583.7655454099868,6033.701427194831,6659.892815968196
1587.1258954654852,4543.550937854401,2592.1445778568736,6043.523661572894,6652.929989496227
1586.4110235708556,4535.179367555245,2607.841640754759,6057.016587602939,6665.4575810112265
1589.4260045370938,4535.075875792729,2628.420152540778,6076.589898055595,6694.44909400555
1595.5623977286552,4542.614571526551,2646.3795688006917,6101.992911658151,6725.584912542208
1602.8382730499407,4553.488877824465,2652.7781544220525,6129.851634989249,6741.590140699014
1609.4547411445683,4563.009504421968,2642.2071177164107,6154.88243618568,6731.933902594895
1615.037290975873,4569.331578194811,2616.26072336799,6172.825825520883,6698.376931415755
1620.7606544808732,4574.89261498525,2583.4780073509482,6183.864168706882,6653.599871048073
1628.3879083815527,4585.361553989163,2555.7402448953185,6194.376057886386,6614.260442999664
1638.9825096968345,4606.703260109801,2543.057020852668,6215.2191733321615,6592.770717610974
1652.1883658904667,4641.884227890892,2549.438602891921,6256.506294805271,6592.258696050057
1666.4828029411935,4688.864627884448,2571.7930287398754,6321.189266430117,6606.816077462583
1680.094759065602,4740.846628043651,2602.0745985158296,6401.181190463906,6625.958634143448
1691.8688641419722,4788.660357445078,2631.290140483364,6479.02149072856,6640.205443544894
1701.5063922139207,4824.200421608528,2653.2866934485687,6535.248613030839,6644.784023235696
1709.1590285880109,4843.403297657209,2666.6927002894145,6558.16311161789,6640.204151062878
1714.8487154336276,4847.522854231499,2674.514246286733,6550.689673487061,6630.42298049677
1718.2632205061125,4842.250370596194,2681.9929360508154,6530.06083051468,6620.305289751386
1719.1019036403845,4835.161991363207,2693.9058634260155,6519.7882612371195,6613.7541133180575
1717.6380792431828,4832.6520792921765,2712.4420969068824,6537.828168311346,6612.884236139774
1714.9367975903672,4837.653004756413,2736.3562329522506,6587.317234448802,6617.863728711646
1712.409608357538,4849.018667599985,2761.569454616287,6655.104361911676,6627.02643935271
1710.9230129807272,4862.673465057186,2782.9230984608407,6719.019464634284,6637.292941530987
1710.0932691739636,4873.860858953501,2796.423491550243,6759.85158105399,6645.180177913943
1708.3611652134766,4879.410673210044,2801.088296339116,6771.318873963398,6648.34519425579
1703.9410374770152,4879.0501044472085,2799.537875327683,6762.550991576483,6646.947598157377
1696.1165296718739,4875.32244144502,2796.899870885893,6752.042412552405,6643.809082794495
1686.0538510266529,4872.3539535919135,2798.36285781899,6756.987062942643,6642.886877162602
1676.5519678880369,4874.178657787871,2806.4962654546343,6784.381906647169,6646.753602682383
1670.7995475319717,4883.385841784891,2819.764491923294,6828.860452411274,6654.736703434576
1670.8334711325454,4900.533733972263,2833.1836520026322,6877.888752292606,6663.2466773078495
1676.5823412699683,4924.316057155054,2840.937396270505,6920.493320597856,6668.464471862663
1686.014574944865,4952.158307239925,2839.594260163247,6953.847969660199,6669.785861735787
1696.2433430067215,4980.898258132847,2830.1000286290905,6983.834240579771,6671.530974869038
1704.903637385493,5007.392372694493,2817.33904086613,7019.789244608476,6681.251107703939
1711.032818372031,5029.069555782884,2807.4733149600556,7067.341311144826,6705.16266389039
1715.063136056673,5044.450662008709,2804.626008859414,7124.176286243921,6743.397619158608
1718.0883655877556,5053.479741080273,2808.8936228753078,7181.323058082836,6788.311356510375
1720.935819241156,5057.370380007613,2816.834215690673,7228.739824650109,6827.43459371019
1723.5679173303977,5057.780229890134,2823.9921566280054,7261.20605050493,6849.707689191479
1725.0348713994547,5055.5278620944855,2827.7140127597586,7280.568238604828,6851.310931357187
1723.8577461469501,5049.527249215608,2828.3647008539465,7293.093200234426,6837.363420193721
1718.5638195097906,5036.76049246319,2828.188956437141,7304.118619011151,6818.22317719492
1708.1630116384827,5013.693888161702,2828.7294497630223,7313.996858664856,6802.596775326327
1692.5060843137935,4978.687014418454,2828.7705054447233,7318.309301274775,6791.8776184630215
1672.5303846712684,4934.138997731081,2824.469912120309,7312.231760479497,6779.515785864746
1650.3283215126135,4886.941842191557,2811.834348361139,7295.90504661007,6756.039532235104
1628.8792291819013,4846.537859897217,2789.98877644243,7276.7913878822565,6716.5978921793
1611.329890186386,4821.210405357699,2762.9656292136747,7266.896024745187,6666.044552490254
1599.945248148967,4814.412190809043,2738.545859509837,7276.157334202241,6617.939313801368
1595.1449884046797,4823.168217960481,2724.5442631731103,7305.988935749711,6587.6348826809935
1595.1567179789681,4839.598097567834,2724.636053687765,7347.107882677103,6583.448592429108
1596.598346415879,4854.862534056572,2736.228056954055,7383.269752457884,6601.310528054023
1595.8244638721983,4863.367686931038,2751.6827950578268,7398.94217284092,6626.287875833453
1590.416329018991,4864.809266183873,2762.1602393532835,7386.548533632726,6640.234427339814
1580.0696306038853,4862.86335576177,2761.768513288298,7349.189732548815,6631.112735262587
1566.4487327275085,4861.367238357072,2749.621617395444,7297.490172291152,6598.594181697155
1552.1499028838111,4860.445002605258,2728.823308146698,7242.684562212363,6552.8945587873195
1539.388998987482,4855.168214095966,2703.3752573255324,7190.145059057175,6507.903938500921
1529.1072035465168,4837.82643920993,2675.2439871814613,7137.055921449077,6472.932650868495
1520.8475672736965,4802.588186003743,2643.5363985113986,7075.297208336282,6447.868814694392
1513.253864202141,4749.683176814846,2606.1748099250526,6997.485499970386,6424.117196587156
1504.731802806379,4686.323968205416,2562.7106898128654,6902.394303933654,6390.066340461511
1493.8776522172154,4623.451650671846,2516.145687389233,6796.54964764567,6337.334767619562
1479.6137482657673,4569.949194734883,2472.3229764721605,6691.169026108755,6264.104177995222
1461.2669158949916,4527.638534718402,2437.1064454442712,6596.291150979646,6174.147282985881
1438.8251853869883,4490.075235662329,2413.056432314102,6515.398803747804,6072.9979293219285
1413.311495262371,4445.986674828459,2397.6640322379467,6443.3758296126325,5964.223261740035
1386.8911281787641,4385.445150134146,2384.232400059904,6368.702813877315,5848.141602240122
1362.311025974424,4305.206804156384,2364.875239006645,6278.572791079257,5723.275468228352
1341.6633373472823,4210.12131334106,2333.8986037601876,6164.287248719227,5588.906559072335
1325.0375662270362,4109.864952072616,2289.7633707078603,6024.429760390012,5446.60778784744
1309.9368302243713,4013.051498218744,2234.832045658742,5864.644807028136,5299.730086699724
1292.0645559772877,3922.3227899512585,2173.4486265618316,5694.560994228907,5151.54017131048
1267.3103721266036,3833.371934117471,2109.7146637133505,5523.628990466119,5003.711510219581
1233.9470119972486,3738.415350205175,2046.1870269359983,5357.898074608164,4856.466298723287
1193.765495640668,3631.906990266774,1983.8824173301562,5199.0520592191215,4710.245464083344
1151.3930438264924,3514.942340331369,1923.0966638201814,5045.798002367175,4567.480482433182
1112.096135363799,3395.6313282152373,1864.208769145021,4896.548914046883,4432.858993584223
1079.3107901374444,3285.186957688776,1807.9434628384158,4751.77726109678,4311.55471925282
1053.3332654341605,3192.0541158515484,1755.143824925665,4614.677838606917,4206.428199018045
1031.8841659742643,3117.5334282116373,1706.4615556055116,4489.740251432019,4116.064409295271
1012.0723522770681,3055.399563530737,1662.2780673407367,4380.033051028786,4035.0628673217107
992.4089328905407,2995.6112628840615,1622.806321056645,4284.823607959086,3956.548165970581
973.5453364337744,2929.8459164788896,1588.0837841396874,4199.109401601426,3875.436923115169
957.3233005234828,2855.6631498637607,1557.695635660099,4115.647215691643,3790.5566321886595
944.9093912740027,2777.0833557246515,1530.4437619460564,4028.604425883549,3704.518472268104
935.4264706919159,2701.56975721036,1504.4195864618423,3936.843246531071,3621.6905239051766
926.1386851549362,2635.453846739156,1477.7454802695388,3844.814667019724,3545.697852811964
914.1320377342054,2580.5516279643784,1449.6921382792882,3760.2472487721407,3477.9182910008863
898.3338470443836,2533.7711527523493,1421.3941684471747,3689.6719142264456,3417.5465404625293
880.4122651517449,2489.6033120477214,1395.442787844016,3634.246918735919,3362.699747880676
863.829561013869,2443.723405841019,1374.3292854555452,3588.403065825608,3311.5247403241756
851.6033035740685,2395.4675797571613,1358.6184732318445,3542.3486547248754,3262.6088307436617
844.2696559591704,2347.8443713750426,1346.1579551121924,3487.242581241994,3214.7917231573338
839.467623191517,2305.335279671159,1333.1379120485265,3420.187821667853,3167.0209174232155
833.4914978395401,2271.01888554719,1316.607993909588,3346.1740247453417,3118.751851872382
823.810143453923,2244.7974313754958,1296.9169324930417,3275.8003276538875,3070.7331853639116
810.8593180887867,2223.677320537977,1278.3228595514054,3220.0506993827435,3025.4472051133184
797.8754763471817,2203.755421942372,1267.026107439799,3185.0886883329963,2986.5372892714013
788.8606936135612,2182.6016939801775,1267.5517007798899,3169.937640279637,2957.266715797256
786.0475157073171,2160.6259328829856,1279.6587483154788,3168.0900749181296,2938.874709479977
788.5808250146233,2140.7342447490987,1297.8622006878304,3171.714107812554,2929.9457688092593
793.2969439629144,2126.615568931103,1314.1498757816653,3175.7099291855293,2927.3173400301234
797.0287769883589,2120.732508501341,1322.4638033712845,3179.2860742240277,2928.0059601210405
798.81040457257,2123.15801748634,1322.3062518109787,3184.62518463788,2930.9098278941374
800.4432252843224,2131.851704885174,1319.279187525494,3194.2586763806767,2937.2206757200274
805.0707412939804,2144.178486061295,1322.2464077588345,3209.5505543087365,2949.456101527625
814.8622760804617,2158.873509326756,1338.918754864104,3231.666553912109,2970.0772574809116
829.5858858259973,2177.509906563828,1372.6066366055422,3264.301039155171,3000.9577930670666
847.2368407302505,2204.81958859044,1422.01453155918,3315.75735013733,3044.2350779671347
866.3692714256796,2247.741100894808,1483.841507461474,3397.988684099474,3103.825780959568
888.4128133565769,2313.561653108651,1556.0326438456998,3522.037364426931,3186.0994918569
918.0486053830111,2407.8008156579904,1639.1281291248474,3691.8268551770125,3298.57258156717
960.9089894141813,2532.496963002155,1734.5840616039945,3899.787215922505,3446.8576877586397
1019.7188177830011,2685.3558099060633,1841.2302860954849,4127.22254090948,3631.5236651878777
1091.267694024647,2859.909968529989,1952.587705262106,4349.876032576696,3846.8899726949703
1166.3684213172053,3046.537463420971,2057.4450422281516,4546.254384345907,4082.6938482485575
1233.2632207328759,3233.994064095887,2144.012143756999,4704.693764318912,4327.688845646396
1282.8129555419748,3411.0797855756496,2205.472599240761,4825.84141260106,4572.881786471227
1312.6053121923567,3568.16307933465,2243.5499638997253,4919.750904205375,4812.339646604477
1327.6490813271917,3698.4358809516166,2267.6769551398934,4999.613096299994,5041.261828290666
1337.2912131164055,3798.852934612002,2289.976852805525,5075.627361404653,5253.127957244298
1350.186902558205,3870.657611122568,2318.8744261510055,5151.922177653766,5438.638757488304
1370.2118250512924,3919.267186341874,2355.0540592480124,5227.321042464755,5588.062726993498
1395.4984253711266,3953.239610434038,2392.063992132032,5298.530182886653,5696.095333460975
1420.7954712152427,3982.2282636137734,2421.0172379917653,5363.312610091284,5766.13949304431
1441.3686471944743,4014.271353441896,2436.3767275194846,5421.820478966202,5810.689316603172
1455.9066840715577,4053.268935357088,2439.2878479641113,5475.839721770024,5846.652890826321
1466.768370139643,4097.742400819085,2436.618098912487,5527.09607017372,5887.731419442816
1477.746750554886,4141.674914047705,2436.6289970532157,5576.117119283677,5938.20736630263
1491.1020935889778,4177.393894175313,2444.234601315625,5622.401763024469,5992.036149118502
1505.9330675095728,4199.425605833428,2458.830655729542,5665.513792787451,6038.050309814976
1518.8980310751865,4207.583265605384,2475.79497748615,5706.0509574784555,6068.231552099253
1526.6501435578698,4207.698604205686,2490.2950033231796,5745.651340834999,6083.890999487661
1528.2346451594917,4209.424440657437,2500.643519827953,5786.013837991032,6095.720112494377
1525.818645377872,4221.97606397942,2508.982183589739,5827.659387930157,6117.465759062435
1523.3272454585579,4249.7973314185265,2519.076408039654,5869.3092270686775,6157.08911560604
1523.9805636040114,4290.295152421613,2533.0407722270984,5908.275978287395,6211.035001959167
1528.4057301198486,4334.831530504502,2549.4845177587563,5941.583646793401,6265.4469899095775
1534.5267685185365,4372.55163827816,2564.457423006858,5967.161381973071,6303.868774949544
1539.194589523342,4395.197206146252,2574.5070418512037,5984.582748055877,6316.866201039022
1540.3802777625992,4400.569306094839,2579.5911609413174,5995.220762907748,6307.7007027778
1538.4674165169438,4393.023858958024,2583.6170095132784,6001.968122531515,6290.535274164327
1535.8778889312828,4380.917313987114,2591.986707425214,6008.642392768058,6282.196324318519
1535.4180504440685,4372.4470709877205,2607.622044031334,6019.028847024558,6292.412332182428
1538.5393024944178,4372.05347472962,2628.0999292704087,6035.553005235301,6318.303413926362
1544.6575918120081,4379.125434459898,2645.9612452613565,6057.963789769643,6346.246420043161
1551.8708245811383,4389.458954886358,2652.313643995173,6082.867769091132,6359.807749867389
1558.4526495443279,4398.476525071907,2641.7782494460507,6104.950231205663,6348.970495407774
1564.043668310825,4404.377277005183,2615.940627474683,6119.926843676727,6315.411191638342
1569.771176864123,4409.540594420895,2583.292814778243,6127.982190706409,6271.193959057917
1577.3269960877706,4419.50014039629,2555.6506505880157,6135.534827647867,6232.165261050015
1587.7315171552848,4440.078353545577,2542.9686038980467,6153.5096720362835,6210.131872874872
1600.6429098453798,4474.17077972253,2549.2349178439,6192.08218105356,6208.068622596971
1614.59994356404,4519.786114703311,2571.3747874057135,6254.223228193684,6220.3548322148445
1627.9031142481736,4570.288695406945,2601.3870065658202,6331.797681970404,6237.017683376011
1639.4437835477233,4616.727577207516,2630.3281369418023,6407.23962648463,6249.039356857026
1648.935346499147,4651.191013417132,2652.079293917357,6460.969984954928,6251.881077175085
1656.5233924491888,4669.7127010831555,2665.2766268798578,6481.219078661776,6246.028500730805
1662.2290137015214,4673.516744307737,2672.9097801926914,6470.930437902732,6235.246094597304
1665.7526607171733,4668.1585971968525,2680.1915851765057,6447.442568532186,6224.161300971475
1666.8059207296353,4661.033439850007,2691.8729262929837,6434.411335720802,6216.486541829236
1665.651092032559,4658.38280283754,2710.130944984048,6449.90325663728,6214.233238506341
1663.3101053642613,4663.068898323491,2733.7272666589256,6497.075044890814,6217.561252367464
1661.137293791861,4673.972952373167,2758.605745830239,6562.696427312257,6224.886029884304
1659.9639822738445,4687.116773809505,2779.6363583541133,6624.463220310123,6233.2790820675555
1659.421930653578,4697.857590979154,2792.8476500465918,6663.048391801698,6239.428270651193
1658.0151451579945,4703.101117428606,2797.262889899828,6672.132764530224,6241.105902680308
1654.030442878144,4702.581159450324,2795.488167353335,6660.902474549205,6238.464284179005
1646.780614861064,4698.7802233076545,2792.6230146281227,6647.965481120535,6234.187209960271
1637.384594709751,4695.725864764213,2793.8275601098076,6650.621237946411,6232.038098677893
1628.5276905606042,4697.355531292552,2801.6572445744487,6675.910123857381,6234.463459002156
1623.268947382438,4706.196472361267,2814.5851407032133,6718.4337736488615,6240.8237951793135
1623.5622940347055,4722.7934799090735,2827.6550795758435,6765.582722625191,6247.7059868149945
1629.3390061168982,4745.871493072044,2835.083032127365,6806.317463239417,6251.478879197482
1638.6498969398638,4772.917628827878,2833.456696144238,6837.795372180135,6251.568376929592
1648.7254191249508,4800.845406598606,2823.716858149465,6865.934541677091,6252.082642723057
1657.2967443303473,4826.586638274068,2810.7211155661225,6900.129642495078,6260.20178185759
1663.440438558597,4847.631907891046,2800.597689376549,6946.043963641679,6281.836176816102
1667.5712075502477,4862.537613888665,2797.447196849466,7001.349949509893,6317.110839025979
1670.7383197948561,4871.249250337311,2801.365832726951,7057.022558647917,6358.757073310885
1673.7353856482569,4874.951405554269,2808.930893368225,7102.959534354538,6394.919664521926
1676.5263297592257,4875.262062441967,2815.711589855587,7133.9092161594035,6415.084418787208
1678.2000528126994,4872.980227008579,2819.069384947611,7151.72997051482,6415.6209711702495
1677.337927290277,4867.045990967846,2819.367426337426,7162.7273469653865,6401.397294139316
1672.5273534832827,4854.513951605728,2818.8383006380577,7172.272088371642,6382.261538671987
1662.8187514819915,4831.935329903735,2819.0164076445585,7180.719261292534,6366.491183224305
1648.0691153344508,4797.709237512756,2818.6930384903008,7183.623904451425,6355.41088975297
1629.1776769860712,4754.177375819468,2814.0474600091843,7176.13300539548,6342.794078193192
1608.1515236958055,4708.0663983934965,2801.108669258415,7158.388736934294,6319.637089151354
1587.8483464759388,4668.591906142724,2779.006726826821,7137.899206230729,6281.329382945679
1571.2863049881269,4643.83823050394,2751.7520561579795,7126.743138903819,6232.485758514483
1560.637610834151,4637.1749840006605,2727.082890309838,7134.919792325671,6185.99636023615
1556.3045414751023,4645.698464645225,2712.7711136698135,7163.851785102063,6156.454639663119
1556.5869082971615,4661.717518281846,2712.471894389503,7204.200090009424,6151.765695909004
1558.240744847469,4676.605259994814,2723.606645545263,7239.621854303926,6168.059868782971
1557.7696948065395,4684.902377511235,2738.5803518227217,7254.4906013370255,6191.142672935856
1552.8540389508735,4686.312011290142,2748.602099836646,7241.183992654726,6203.766382069158
1543.202044352708,4684.421956131447,2747.8128459978134,7202.822114440605,6194.4906172991095
1530.4100550533537,4682.977268983964,2735.3317672693156,7150.094282080905,6163.004360062634
1516.9680706515958,4682.099079334921,2714.245749865906,7094.303796135707,6119.018262987789
1505.0011453206791,4676.97756054098,2688.5346311867916,7040.855725517581,6075.734334397919
1495.4117931485303,4660.087914680065,2660.154344044041,6986.917431379683,6042.001089747281
1487.7616668899807,4625.739184523569,2628.2170034645455,6924.319808105304,6017.711793349303
1480.7500387138496,4574.1558076988185,2590.656690741514,6845.634735530317,5994.697512667588
1472.8479427178181,4512.376924781116,2547.0276342714474,6749.6284361546805,5961.923465009717
1462.7092289668494,4451.080305765829,2500.3151728513994,6642.866759032301,5911.425170465694
1449.300497232365,4398.934994038017,2456.330460185526,6536.635510364365,5841.475729639818
1431.9762809887911,4357.718948102598,2420.905245034284,6441.034514378562,5755.661424222678
1410.7251981664294,4321.142891073791,2396.585983104846,6359.567784527655,5659.241823442466
1386.528265161053,4278.205807610732,2380.877909340268,6287.088108346214,5555.607246727004
1361.4618578641214,4219.219369434737,2367.1214734426594,6212.006079816755,5445.06061644937
1338.1600033672712,4141.0181351840365,2347.47425480184,6121.43690692832,5326.198420215458
1318.6287252699804,4048.335117956206,2316.274068679395,6006.629209580693,5198.338614904747
1302.9536577923443,3950.6134632886374,2271.99058310295,5866.157933526289,5062.976272467137
1288.7404336623154,3856.259287637813,2216.973522104715,5705.7018183712835,4923.295762460678
1271.8691617811985,3767.8506796360534,2155.5431417428254,5534.947909790102,4782.40119712718
1248.3986906872983,3681.184594935574,2091.7785862073197,5363.40420350192,4641.882660984403
1216.6730543679498,3588.66526118294,2028.2228565240769,5197.156607574735,4501.951239242848
1178.409765671833,3484.880563044138,1965.8872989036954,5037.899012840581,4363.025809970102
1138.0456206070294,3370.899695709552,1905.0663716606584,4884.330447293585,4227.416392213764
1100.6301138426634,3254.636935748438,1846.137244934406,4734.8540842591865,4099.576324365957
1069.4574779763768,3147.034576255085,1789.8209012047673,4589.945044813327,3984.420410798972
1044.8114685887422,3056.3334600955895,1736.9560162584876,4452.817293631022,3884.665500964491
1024.5063951443112,2983.8025919358997,1688.1909418498487,4327.987445789342,3798.96640706505
1005.7701655040015,2923.366808507984,1643.9052342172915,4218.54240538819,3722.1918713674
987.1752086258473,2865.227318318411,1604.3109272227653,4123.744783492457,3647.8098594690623
969.3459992124409,2801.262606835402,1569.4455293912513,4038.561346293838,3570.9911547088236
954.0481439959935,2729.091353271584,1538.8967603867734,3955.704539981315,3490.6219855627946
942.3998745962244,2652.6368576009877,1511.473378237248,3869.305956002001,3409.1828652692984
933.5600910354613,2579.1819412702084,1485.2776070417713,3778.220520887487,3330.823007914451
924.905826917415,2514.9049395159795,1458.4424458937888,3686.925855155375,3258.985532986431
913.6434650847023,2461.5778070159417,1430.242862505461,3603.1970288799143,3194.9787154700216
898.7447083288803,2416.183240506024,1401.8074216084,3533.604173091481,3138.0370709324106
881.8087849630259,2373.345305643741,1375.713232646044,3479.3121032024133,3086.3716606487446
866.1547360189237,2328.843903232001,1354.4380243041521,3434.717315709862,3038.221859141264
854.6751401762738,2282.031245518933,1338.5437035477973,3389.968152912584,2992.245535484153
847.8837429949526,2235.8430484673218,1325.8900024772893,3336.169315338703,2947.340365494741
843.5170670133766,2194.652276411138,1312.6884010160077,3270.4056590594155,2902.50647814362
838.022729867777,2161.4628715384347,1296.0050906235688,3197.696572773137,2857.2264811955606
828.9744330124129,2136.1793122899567,1276.1870836732935,3128.7049608134794,2812.2112236692196
816.7899373198437,2115.8803829229364,1257.4691497686163,3074.480865732766,2769.817943601773
804.5715779803776,2096.7574146996362,1246.0175009491695,3041.2246211780043,2733.506379343796
796.1554084478332,2076.4391945697034,1246.3323054138245,3027.9529961250896,2706.37503111064
793.68115757393,2055.3255600416046,1258.1741894590896,3028.1183485860915,2689.5999962445394
796.3288907825488,2036.2521402244693,1276.0886476583169,3033.8405836215566,2681.836232585823
801.0659635482825,2022.8183686766565,1292.1080321969907,3039.988251774572,2680.0797426314834
804.8566057988811,2017.42701513782,1300.2080903666986,3045.7643816396053,2681.4968085631704
806.7749683233068,2020.1491098890417,1299.8940244877665,3053.3641397861084,2685.040721964138
808.5476168195407,2028.9935945774114,1296.736958598335,3065.3335644243716,2691.842720263291
813.187369301917,2041.389174687143,1299.5517775469998,3083.04418020435,2704.2929303653427
822.7732024629482,2056.101581584466,1316.0067827436956,3107.668021829614,2724.7276950561595
837.0825510908728,2074.6656759532607,1349.3941958444514,3142.9210771578187,2754.925328764972
854.1937973902941,2101.698398749565,1398.4258067746798,3197.1562532874163,2796.9144071679966
872.7210320333908,2143.969676549273,1459.8190957839388,3282.3984331481906,2854.412761828939
894.0342695413159,2208.5895176953827,1531.5306521071109,3409.7560728718736,2933.46690383597
922.6196242668171,2300.9430947161736,1614.0977982055317,3583.175559201659,3041.211692959395
963.8745850984594,2423.0188428813567,1708.9686876841345,3795.040137556502,3182.9739818100793
1020.409964915802,2572.5777520965003,1814.9797596489925,4026.539595441977,3359.2915795027475
1089.1484470737605,2743.309136163191,1925.6879116496657,4253.269105024311,3564.7690959618167
1161.2851226996802,2925.8244822632078,2029.944072876105,4453.6041013944905,3789.661275998181
1225.552090853024,3109.1526057050437,2116.0235065832408,4615.809118200569,4023.289714949318
1273.1914772623368,3282.3656732224226,2177.147671297357,4740.534422684472,4257.115922503052
1301.8921202929844,3436.066334900536,2215.0306828151993,4837.893647269855,4485.5071195126275
1316.454482044318,3563.6122212719556,2239.053104201451,4921.15670925234,4703.905962493641
1325.8359083299667,3662.03236433607,2261.271141042492,5000.583876056628,4906.122879734639
1338.330413450087,3732.5401473610036,2290.0629627085814,5080.327687099001,5083.330828494864
1357.651640825929,3780.421286700442,2326.1092256639135,5159.20351980159,5226.293133469606
1382.009692060494,3814.025657252411,2362.9939749461505,5233.896634538714,5329.976044967592
1406.372448279109,3842.771759875242,2391.8795213886597,5302.155475776773,5397.611446939123
1426.2033591355269,3874.5020769598286,2407.2595323783617,5364.132108487214,5441.060329774101
1440.246055331816,3913.021550213321,2410.273100536998,5421.622269814182,5476.372446721285
1450.7608236363408,3956.88736019627,2407.749714099516,5476.361120148599,5516.5524773289
1461.382101628631,4000.2290057939645,2407.905140893078,5528.87840981266,5565.664358640945
1474.2754965187617,4035.560667721792,2415.6262291135045,5578.668943344349,5617.970031378524
1488.5772242736798,4057.541926349577,2430.312085077866,5625.29280840828,5662.869694473938
1501.0853962022145,4065.9905767965934,2447.366151332701,5669.3503097774865,5692.753186267152
1508.5933043648524,4066.5962535239037,2461.9826535161287,5712.488384329807,5708.865220752215
1510.18628432129,4068.77644207757,2472.483730610586,5756.415140205442,5721.352871484516
1507.9407793960586,4081.5216019998006,2480.9991629039914,5801.653582254693,5743.262131829292
1505.6174367731617,4109.16694742795,2491.2734782653733,5846.916099730343,5782.147264892007
1506.3012855358752,4149.18227877493,2505.4095117960815,5889.497927825271,5834.632916052038
1510.5929522427566,4193.139972839052,2522.0241853058446,5926.403932489368,5887.56827008218
1516.5033196499055,4230.449795499326,2537.1891414470347,5955.5496063802875,5925.336315736681
1521.0152886683065,4253.054892023829,2547.471035439214,5976.504817972145,5938.984873971477
1522.185070107891,4258.810012886378,2552.827844181357,5990.64978800412,5931.609657555808
1520.3801814522358,4251.964801679069,2557.145082785906,6000.893617158937,5916.650746762352
1517.9208162276818,4240.67169484877,2565.794858227782,6011.075872537683,5910.074486459343
1517.49536992739,4232.927821586141,2581.6826892061054,6025.003626311435,5921.110951624085
1520.4940856549297,4233.064865288893,2602.3988442787863,6045.115953529557,5947.025980977792
1526.3572413128884,4240.486375242187,2620.525486479788,6071.159113424298,5974.891996655784
1533.2625231757086,4251.090772502283,2627.2194966883235,6099.717975718854,5989.11579416791
1539.5560619783437,4260.412155259051,2617.131743739932,6125.4444944767265,5980.193530373378
1544.8935159587,4266.6934854851725,2591.838911336744,6144.027248405487,5949.7166352280165
1550.354689260315,4272.255834826285,2559.785841157053,6155.6508024498935,5909.131795712367
1557.5600912653485,4282.497405533463,2532.72272831125,6166.771446671463,5873.47330385628
1567.4869918443544,4303.098020457664,2520.5487055537537,6188.379117301824,5853.941723899647
1579.8077679243709,4336.882082669494,2527.2297588766505,6230.70974112435,5853.35779235421
1593.1225775051296,4381.906614540506,2549.707995819153,6296.751024708145,5866.387533583409
1605.803419763271,4431.697918739117,2580.026447522449,6378.3174187423165,5883.568616266451
1616.7883340651927,4477.523769344407,2609.2911403403905,6457.735496558959,5896.3454007383325
1625.802782854139,4511.665855579531,2631.4169858453297,6515.306501573442,5900.411893577497
1632.9862064425179,4530.254878219468,2645.0475478484955,6539.188379352491,5896.228704042382
1638.3587947344045,4534.484956432236,2653.155726105612,6532.341375961047,5887.366686598072
1641.6336289784147,4529.775494726901,2660.925263529208,6512.2078597306,5878.215021126773
1642.5344725314214,4523.340480215408,2673.0805087802696,6502.585787634713,5872.294590952219
1641.3125570119896,4521.268378944051,2691.78633857012,6521.649914023683,5871.512528201232
1638.9466437747867,4526.351008631009,2715.8110585358672,6572.574924143068,5876.0195603073
1636.7338002861702,4537.4966817777295,2741.1208350720353,6642.049329084328,5884.311808447173
1635.4701268094032,4550.8243751900045,2762.6139128475397,6707.6328268512425,5893.610799068463
1634.8028380397839,4561.804836800567,2776.3406754339317,6749.880314366394,5900.7743929028165
1633.299111789974,4567.419419321816,2781.3296068134937,6762.433294725677,5903.689240311972
1629.3182005044341,4567.408285019414,2780.172121499012,6754.532433794823,5902.499430413246
1622.2019982415875,4564.192900744202,2777.9392295587286,6744.897235795069,5899.749947170375
1613.0221197208475,4561.701848631598,2779.762190923921,6750.930769318953,5899.009489644374
1604.3501727796483,4563.775743808145,2788.18202597322,6779.714939031707,5902.597548098132
1599.1155391364773,4572.879531659068,2801.680040428206,6825.817640897811,5909.906785186909
1599.1891556508344,4589.544299189399,2815.327330693192,6876.552053585851,5917.699564755167
1604.5049325158232,4612.525930701794,2823.3717277409937,6920.810833162512,5922.531736900209
1613.196042265399,4639.3728906636425,2822.419622312508,6955.733132429313,5923.858448220151
1622.6101835970637,4667.0741680892925,2813.4063241686617,6987.271833258916,5925.575013529353
1630.5746736025515,4692.636645674186,2801.162201917075,7024.8774317186435,5934.489469880972
1636.2052511763686,4713.612306338486,2791.7811837995905,7074.24647019523,5956.205307434012
1639.8990464349724,4728.592810122536,2789.3408424618183,7133.03631380782,5990.839708534254
1642.6607914752483,4737.524811334421,2793.936555009371,7192.166342791123,6031.499041551406
1645.2503666338298,4741.5636138015225,2802.1643354577245,7241.472226872236,6066.941307223242
1647.6331744549084,4742.287244857205,2809.6177089274474,7275.669591873962,6087.196915431083
1648.9367800289697,4740.474856345353,2813.672498614205,7296.627109715414,6088.824011528284
1647.8028406553683,4735.0923690177715,2814.6895406306053,7310.68754154566,6076.438612143004
1642.8788578026456,4723.266584970753,2814.8887230603355,7323.253194578851,6059.378177607885
1633.255732194475,4701.633357609883,2815.79561880965,7334.680375593233,6045.490280447466
